word	frequency	candidate_order	source_rank
a	42876661	1	3
absolventi	16412	9741	10245
absolventov	26006	6204	6596
absolvoval	40263	3911	4204
absolvovali	27719	5836	6207
absolvovať	24689	6541	6952
absolútne	63750	2345	2560
aby	3455320	32	42
ac	35501	4500	4811
ach	65912	2262	2475
ad	20253	7967	8434
adam	63188	2368	2583
adresa	23878	6766	7189
adrese	18051	8941	9430
adresu	82947	1765	1948
advokát	20728	7786	8250
afganistane	21855	7379	7824
afp	35050	4576	4889
afrike	25257	6380	6781
afriky	24152	6692	7112
agent	18545	8701	9183
agentúra	175618	756	857
agentúru	50426	3060	3317
agentúry	109620	1302	1452
aha	30819	5253	5594
ahoj	18477	8734	9217
air	19199	8418	8894
aj	10955495	10	15
ak	2203809	52	62
akadémia	25760	6269	6665
akadémie	52712	2926	3176
akceptovať	20874	7735	8199
akcia	56246	2726	2958
akcie	171575	779	884
akcii	56729	2700	2932
akciové	17179	9344	9842
akciu	63576	2351	2566
akciách	17733	9081	9571
akcií	108191	1324	1475
akej	58913	2584	2812
akejkoľvek	29205	5552	5910
akejsi	16993	9443	9941
ako	9136011	13	20
akoby	422403	251	286
akokoľvek	27558	5861	6233
akom	35131	4558	4869
akosi	61440	2453	2675
akou	39886	3954	4248
akože	24343	6627	7043
akt	18362	8799	9283
aktivita	28018	5774	6145
aktivitu	26668	6049	6431
aktivity	142055	970	1095
aktivitách	19259	8393	8869
aktivít	75344	1952	2144
aktualizované	31709	5088	5426
aktuálna	17757	9069	9559
aktuálne	92608	1566	1735
aktuálnej	26201	6157	6544
aktuálny	21808	7399	7846
aktuálnych	17428	9217	9709
aktív	20335	7942	8408
aktívne	70082	2128	2331
aktívny	22658	7120	7556
akurát	46778	3331	3602
aká	115710	1211	1359
akási	22320	7231	7670
aké	307166	373	424
akého	19540	8274	8747
akéhokoľvek	23847	6774	7197
akékoľvek	42406	3703	3984
akési	30517	5310	5653
akí	17314	9276	9770
akú	103527	1385	1541
akúkoľvek	19469	8303	8778
akúsi	21260	7598	8057
aký	230484	524	597
akých	37128	4285	4590
akýchkoľvek	22194	7272	7713
akýkoľvek	23660	6828	7252
akým	90716	1612	1786
akými	35471	4506	4817
akýmsi	20158	8002	8470
akýsi	48123	3227	3491
al	19280	8381	8857
albert	16626	9617	10116
album	48212	3218	3481
albumu	18843	8556	9032
ale	5414320	18	27
alebo	2645383	42	52
alena	25994	6208	6600
alex	27281	5912	6287
alexander	59289	2567	2794
alexandra	42021	3743	4027
aliancie	25999	6206	6598
alkohol	42447	3701	3982
alkoholu	58575	2605	2833
all	18241	8855	9341
alternatívu	16202	9879	10388
alžbeta	29093	5572	5934
ambície	31823	5070	5407
americkej	77459	1888	2078
americkom	26370	6122	6506
americká	57228	2674	2906
americké	55818	2760	2995
amerického	69215	2159	2364
americkí	19187	8424	8900
americký	108509	1320	1471
amerických	78726	1859	2046
americkým	18758	8593	9069
amerika	20101	8024	8492
amerike	49695	3129	3387
ameriky	43860	3568	3845
američan	16800	9547	10046
američania	40359	3898	4189
američanov	23396	6896	7324
analytici	33713	4767	5091
analytik	43214	3616	3893
analytikov	24042	6720	7142
analýza	35675	4482	4793
analýze	18499	8719	9202
analýzu	27055	5967	6343
analýzy	47385	3284	3552
and	117483	1192	1336
andrea	40539	3886	4176
andrej	103383	1387	1543
andreja	34939	4591	4906
angeles	43909	3564	3841
anglicka	22255	7254	7693
anglickej	18221	8863	9349
anglicko	19409	8327	8802
anglickom	17113	9371	9869
anglicku	26905	6004	6384
anglicky	20735	7781	8245
anglického	26610	6059	6441
anglický	25662	6294	6691
ani	2366560	46	56
anjel	24261	6655	7072
ankety	18032	8951	9440
anna	107502	1333	1484
anne	18517	8714	9197
anny	17421	9219	9711
ano	29859	5421	5771
anton	65614	2273	2486
antona	19485	8296	8770
ap	38467	4126	4425
aplikácia	17028	9427	9925
aplikácie	30587	5292	5635
apple	24344	6626	7042
apr	20281	7963	8430
apríl	28079	5761	6131
apríla	201747	623	712
apríli	55235	2784	3023
architektúry	22148	7287	7729
archív	41369	3805	4092
arcibiskup	41249	3810	4097
arcibiskupa	16084	9949	10461
areál	30288	5344	5689
areáli	43298	3609	3886
areálu	29737	5449	5799
argument	19696	8198	8669
argumenty	25142	6408	6811
armáda	45412	3444	3719
armáde	17738	9079	9569
armády	69234	2158	2363
art	21238	7606	8065
artmedia	18176	8885	9371
as	45946	3393	3667
asi	760588	128	148
asistencií	18890	8532	9008
asistent	34110	4716	5038
asociácia	23750	6807	7230
asociácie	39995	3938	4232
aspekty	20745	7780	8244
aspoň	415222	257	293
at	17417	9220	9713
atmosféra	40977	3832	4121
atmosfére	25602	6307	6704
atmosféru	54010	2856	3103
atmosféry	17386	9237	9730
atp	18595	8674	9154
august	29783	5439	5789
augusta	189665	680	776
auguste	51037	3016	3270
augustín	16964	9462	9961
aupark	16569	9653	10153
auta	97113	1492	1656
aute	48924	3173	3432
auto	161004	840	954
autobus	32999	4860	5190
autobusu	23615	6839	7264
autobusy	18079	8924	9413
autom	40114	3925	4219
automaticky	52355	2942	3193
automobilka	18936	8513	8989
automobilky	24060	6715	7137
automobilov	30459	5319	5662
autor	191785	671	767
autora	59163	2571	2799
autori	61608	2445	2666
autorka	52321	2945	3197
autorom	44819	3486	3763
autorov	70739	2101	2301
autá	72894	2034	2231
avšak	168537	805	913
azda	122043	1141	1281
až	2185025	53	63
b	471441	226	257
ba	159638	845	959
babka	24343	6628	7044
balog	17587	9145	9635
baláž	42465	3699	3980
balík	32587	4924	5257
balíček	17969	8968	9458
bane	20347	7938	8404
bank	41108	3821	4110
banka	127168	1088	1226
banke	42464	3700	3981
banku	18560	8687	9169
banky	225884	540	617
banskej	130396	1064	1199
banská	120419	1159	1301
baník	21680	7449	7899
bar	16033	9977	10489
baran	18563	8684	9165
barbora	20802	7763	8227
barcelona	27937	5793	6164
bardejov	45585	3425	3699
barel	26450	6101	6485
bartoš	20794	7764	8228
basketbal	19419	8324	8799
baviť	16239	9854	10362
baví	23151	6980	7412
bay	17090	9389	9887
baňa	22387	7202	7640
bbc	33526	4787	5112
beh	29087	5574	5936
behu	42439	3702	3983
belgicko	18770	8589	9065
belá	26153	6173	6561
benedikt	30049	5383	5729
berie	41241	3812	4099
beriem	16502	9684	10185
berlín	24607	6562	6974
berlíne	23647	6833	7257
berú	22573	7143	7579
bez	1310596	77	92
bezpečne	25216	6392	6794
bezpečnosti	75664	1944	2136
bezpečnostnej	25527	6318	6717
bezpečnostné	34904	4602	4917
bezpečnostných	29097	5571	5933
bezpečnosť	78098	1871	2060
bezpečné	17384	9238	9732
bezprostredne	28897	5606	5969
bežne	36057	4432	4740
bežné	46623	3344	3615
bežného	22722	7104	7540
bežný	25950	6217	6609
bežných	32231	4993	5327
beží	16612	9625	10124
bicykel	18125	8904	9392
bicykli	16559	9660	10160
biela	32926	4871	5201
biele	50916	3022	3276
bieleho	38175	4149	4451
bielej	27517	5868	6241
bielik	16398	9743	10248
bielom	23584	6848	7274
bielu	17932	8992	9482
biely	46469	3354	3625
bielych	25234	6384	6785
bilancia	21918	7360	7805
bilanciu	17708	9090	9580
bill	20560	7859	8324
biskup	60386	2508	2731
biskupa	32664	4915	5247
biskupi	19669	8214	8685
biskupov	41080	3825	4114
biznis	31993	5035	5371
bk	19829	8144	8614
blaho	16435	9726	10229
blahoželáme	43050	3634	3913
bližšie	110770	1281	1430
blogu	22410	7193	7631
blok	23961	6746	7169
bloku	29389	5517	5869
blízke	17916	8997	9487
blízkeho	21536	7498	7951
blízkej	23798	6787	7210
blízko	81675	1794	1978
blízkom	22003	7326	7769
blízkosti	73472	2018	2215
blízky	22405	7195	7633
blízkych	29152	5560	5919
blíži	28552	5670	6035
bmw	18947	8511	8987
bod	101554	1417	1574
bode	23205	6958	7388
bodmi	26904	6005	6385
bodom	24622	6557	6969
bodov	242933	493	562
bodu	70116	2125	2328
body	169336	798	904
boh	193856	656	750
boha	131157	1058	1193
bohatstvo	22563	7145	7581
bohatá	19027	8474	8950
bohaté	22758	7092	7527
bohatý	30361	5333	5677
bohom	45077	3473	3748
bohu	87375	1683	1862
bohužiaľ	39359	4006	4302
boj	107735	1329	1480
boja	87211	1686	1866
boje	20640	7826	8290
boji	70680	2104	2304
bojov	28840	5617	5980
bojoval	20486	7883	8348
bojovali	32360	4962	5296
bojovať	71992	2062	2262
bojuje	27001	5980	6358
bojujú	19433	8321	8796
bojí	19881	8122	8592
bojím	18793	8578	9054
bokom	21960	7337	7781
boku	38873	4073	4370
bol	2836908	39	49
bola	1828822	59	71
bolesti	67578	2208	2416
bolesť	71167	2089	2289
boli	1777571	60	72
bolo	2119261	56	67
bolí	23833	6776	7199
bonus	18098	8919	9408
boris	44276	3531	3808
boston	22135	7289	7732
bože	47666	3260	3527
božej	33123	4844	5174
božia	16705	9581	10080
božie	43768	3576	3853
božieho	39664	3979	4273
božiu	17715	9085	9575
boží	33979	4729	5051
bral	19628	8236	8708
brali	19968	8086	8554
branislav	37213	4272	4577
brankár	114197	1234	1383
brankára	77111	1901	2092
brankári	37140	4283	4588
brat	84205	1736	1918
brata	46621	3345	3616
bratia	50185	3082	3340
bratislava	684224	146	169
bratislave	355606	307	352
bratislavskej	50186	3080	3338
bratislavskom	46775	3332	3603
bratislavská	20786	7768	8232
bratislavské	19606	8246	8718
bratislavského	48153	3224	3487
bratislavský	42138	3729	4012
bratislavských	21675	7450	7901
bratislavy	149640	905	1025
bratom	27089	5960	6337
bratov	35408	4517	4828
brazília	17027	9429	9927
brať	46493	3352	3623
breh	16656	9601	10100
brehu	46045	3385	3658
brezno	36101	4429	4737
britskej	26604	6060	6442
britská	25726	6277	6673
britského	22856	7060	7495
britský	39490	3994	4290
britských	19022	8479	8955
británia	38431	4129	4429
británie	33457	4800	5126
británii	40968	3834	4123
brne	19988	8080	8548
brno	23277	6931	7361
bronz	27577	5859	6231
brusel	32357	4963	5297
bruseli	31419	5145	5485
bruselu	18476	8735	9219
brvno	18832	8560	9036
bráne	28373	5711	6078
bráni	26386	6116	6500
bránil	17185	9340	9838
bránili	17041	9418	9916
brániť	42643	3674	3954
bránke	16375	9754	10260
bránku	36998	4306	4611
bránky	33020	4855	5185
bránou	24262	6653	7070
bránu	62806	2382	2599
brány	71749	2069	2269
budapešti	41040	3827	4116
budapešť	25441	6338	6738
bude	2580645	44	54
budem	222484	549	628
budeme	289492	400	453
budete	127699	1084	1221
budeš	71839	2067	2267
budov	39766	3970	4264
budova	43070	3630	3909
budovanie	24890	6498	6904
budovať	26053	6194	6585
budove	52722	2925	3175
budovu	36111	4427	4735
budovy	107701	1330	1481
budú	1053563	94	110
budúce	24981	6470	6875
budúceho	79780	1833	2018
budúcej	29872	5416	5765
budúci	117580	1190	1334
budúcich	33682	4774	5098
budúcnosti	197762	641	735
budúcnosť	88132	1667	1845
budúcom	43587	3586	3863
bugár	19899	8110	8579
buniek	21246	7602	8061
bunky	24854	6505	6912
burze	20085	8033	8501
bush	22694	7110	7546
buď	119333	1171	1313
by	5395544	19	28
bystrica	289419	401	454
bystrice	53184	2894	3143
bystrici	104708	1360	1514
byt	83753	1749	1931
byte	45910	3400	3674
bytia	20076	8036	8504
bytosti	22289	7240	7679
bytosť	17376	9242	9736
bytov	76452	1924	2115
bytu	71730	2070	2270
byty	39603	3984	4280
bytča	20087	8032	8500
byť	1675430	62	76
bál	30581	5295	5638
bála	20249	7968	8435
bánk	62292	2413	2631
bánovce	24905	6491	6897
báseň	25410	6347	6747
básne	36020	4436	4744
básnik	35416	4514	4825
básnika	17812	9051	9541
básní	16457	9714	10216
báze	27185	5934	6311
báť	29786	5437	5787
búrka	18960	8504	8980
býva	102179	1410	1567
bývajú	40047	3929	4223
býval	31904	5054	5391
bývala	18185	8879	9365
bývalej	44873	3481	3758
bývali	26059	6193	6584
bývalá	30904	5241	5582
bývalého	90306	1619	1794
bývalí	21664	7457	7908
bývalý	153741	889	1004
bývalých	37422	4241	4544
bývalým	21433	7532	7987
bývania	28408	5702	6068
bývanie	39580	3987	4283
bývať	24189	6682	7101
c	199957	630	723
cca	28972	5594	5956
cd	35050	4577	4890
celej	190517	677	773
celkom	418336	254	289
celkov	16149	9913	10422
celkovej	56425	2720	2952
celkovo	121045	1156	1297
celkovom	26085	6190	6580
celková	37770	4195	4498
celkové	45772	3413	3687
celkového	50574	3047	3302
celkovú	19070	8459	8935
celkový	56941	2687	2919
celku	36820	4331	4636
celok	41249	3811	4098
celom	141453	976	1102
celou	27843	5813	6184
celzia	20134	8012	8480
celá	138059	1002	1131
celé	232460	516	588
celého	194438	653	747
celému	16800	9548	10047
celú	174732	764	865
celý	468878	229	260
celých	26530	6079	6462
celým	29748	5446	5796
cena	253853	475	541
cene	40682	3868	4158
cenné	31661	5098	5436
cenných	27016	5977	6354
cenou	26234	6149	6536
center	37356	4257	4561
centier	25431	6339	6739
centimetrov	41187	3815	4103
centov	27422	5882	6255
centra	127284	1086	1224
centre	116091	1205	1353
centri	17292	9286	9781
centrom	29677	5461	5811
centrum	147180	922	1044
centrá	23377	6903	7331
centrálna	30225	5355	5701
centrálnej	42324	3709	3991
cenu	230111	527	600
ceny	312413	367	417
cenách	17960	8972	9462
cesta	193262	664	760
ceste	206408	602	687
cestnej	28883	5610	5973
cestou	139139	995	1124
cestovanie	19328	8355	8830
cestovať	30742	5264	5607
cestovné	25683	6288	6685
cestovného	49730	3126	3384
cestovný	22362	7215	7654
cestu	228643	535	610
cestujúci	23648	6832	7256
cestujúcich	39161	4033	4330
cesty	229502	531	604
cestách	62039	2425	2645
cez	730838	136	158
chalani	19865	8126	8596
chaos	20848	7744	8209
charakter	81434	1799	1983
charakteru	43011	3642	3922
charles	16736	9569	10068
charlie	19591	8251	8723
chce	505128	207	237
chcel	359212	300	344
chcela	159084	851	965
chceli	228678	534	609
chcelo	23262	6942	7373
chcem	200344	629	720
chceme	183479	714	812
chcete	121531	1148	1288
chceš	71355	2082	2282
chcieť	56007	2746	2981
chcú	229413	532	606
chelsea	27484	5873	6246
chicago	22173	7280	7721
chlap	50870	3030	3284
chlapa	17541	9162	9653
chlapca	41172	3818	4107
chlapci	100560	1436	1596
chlapcom	20675	7809	8273
chlapcov	56284	2724	2956
chlapec	87474	1680	1858
chlapi	37094	4288	4593
chlapov	19766	8165	8635
chlapík	18980	8497	8973
chleba	25256	6381	6782
chlieb	45280	3454	3729
chod	21509	7503	7956
chodbe	25511	6323	6722
chodby	16901	9494	9993
chodcov	18967	8500	8976
chodia	48266	3213	3476
chodil	40667	3869	4159
chodila	20429	7903	8369
chodili	41513	3788	4075
chodiť	77141	1899	2090
chodník	29390	5516	5868
chodníku	22385	7203	7641
chodí	53467	2881	3129
chodím	18732	8601	9079
choroba	30147	5370	5716
chorobe	18574	8681	9162
chorobu	21563	7489	7941
choroby	50098	3089	3347
chorvátska	16527	9674	10175
chorvátsko	20392	7914	8380
chorvátsku	16300	9811	10318
chorôb	23811	6781	7204
chorý	22939	7033	7468
chorých	30847	5250	5591
chovanec	18534	8705	9189
choď	28777	5624	5988
choďte	16577	9645	10145
chrbta	16746	9564	10063
chrbte	31207	5194	5534
chrbtom	43100	3627	3906
chrbát	43697	3580	3857
chrám	20726	7789	8253
chráme	17376	9243	9737
chrámu	24191	6681	7100
chránené	16352	9774	10280
chráni	19991	8078	8546
chrániť	41020	3828	4117
chudobných	22633	7123	7559
chudoby	16857	9515	10014
chuti	20139	8010	8478
chutí	17200	9334	9832
chuť	93736	1542	1709
chvíle	76495	1921	2112
chvíli	175118	758	859
chvíľa	19552	8270	8742
chvíľach	22520	7156	7593
chvíľku	30607	5289	5632
chvíľou	17702	9094	9584
chvíľu	252670	478	544
chyba	39769	3969	4263
chybe	18107	8914	9402
chybu	55282	2780	3019
chyby	69863	2137	2341
chystajú	18829	8561	9038
chystá	46885	3321	3591
chytil	57186	2675	2907
chytila	22876	7052	7487
chytili	18115	8908	9396
chytiť	18211	8869	9355
chápať	28660	5649	6013
chápe	22297	7237	7676
chápem	22866	7055	7490
chýb	34890	4604	4919
chýba	105138	1359	1513
chýbajú	43903	3565	3842
chýbal	29159	5558	5917
chýbala	24092	6704	7125
chýbali	26292	6137	6522
chýbalo	23381	6902	7330
chýbať	53059	2896	3146
ciele	72056	2060	2260
cieli	16606	9628	10128
cien	133220	1042	1176
ciest	88521	1652	1829
cieľ	114796	1223	1372
cieľa	40271	3908	4201
cieľom	285396	411	466
cieľov	37682	4206	4509
cigaretu	18547	8699	9181
cigarety	21760	7419	7867
cigariet	16414	9739	10242
cintorín	20733	7783	8247
cintoríne	24494	6589	7004
cirkev	106464	1347	1500
cirkevných	20665	7814	8278
cirkvi	174804	763	864
cirkví	21618	7472	7924
cisár	18046	8944	9433
cituje	18206	8870	9356
city	72526	2045	2243
civilizácie	17871	9020	9510
club	18353	8803	9288
cm	124098	1121	1260
co	39815	3960	4254
corgoň	21095	7652	8114
country	17862	9022	9512
cudzie	25756	6270	6666
cudzieho	17878	9014	9504
cudzincov	20885	7730	8194
cudzí	21748	7425	7873
cudzích	31470	5137	5477
cukor	19852	8132	8602
cukru	30722	5272	5615
cup	33007	4858	5188
cvičenia	26408	6108	6492
cvičenie	21250	7600	8059
cyklu	20765	7775	8239
cyklus	21854	7381	7826
cyrila	25213	6394	6796
cíti	51077	3013	3267
cítia	24630	6553	6965
cítil	88313	1659	1837
cítila	57288	2670	2902
cítili	25021	6454	6858
cítim	58386	2612	2840
cítiť	71427	2078	2278
d	142259	968	1093
da	20850	7742	8206
dac	17490	9182	9673
daj	39023	4053	4350
dajte	30065	5382	5728
dajú	76781	1908	2099
dal	279723	422	478
dala	104662	1361	1515
dali	164322	823	932
dalo	110392	1292	1441
dana	22754	7093	7528
dane	143496	957	1081
danej	44122	3544	3821
dani	27785	5825	6196
daniel	90756	1610	1784
daniela	51822	2968	3221
danko	22512	7161	7598
danom	29175	5557	5915
dané	28057	5765	6135
daného	18763	8591	9067
daní	64919	2296	2510
daný	25141	6409	6812
dar	54137	2849	3096
darilo	50369	3065	3322
dariť	16575	9646	10146
darmo	19188	8422	8898
daroval	17251	9311	9808
dary	31404	5150	5490
darí	54293	2842	3089
darček	28149	5749	6119
darčeky	20380	7920	8386
dav	17760	9068	9558
david	59561	2554	2780
dačo	18100	8918	9406
daň	72945	2032	2229
daňovej	18607	8664	9144
daňové	46327	3363	3634
daňového	32524	4934	5267
daňový	22901	7042	7477
daňových	39889	3952	4246
dať	213901	582	662
dcéra	77595	1886	2076
dcérou	20466	7891	8356
dcéru	36267	4410	4718
dcéry	47531	3270	3537
de	187618	696	793
dec	24114	6700	7121
december	27383	5891	6264
decembra	173077	776	879
decembri	61788	2437	2658
dedina	21262	7596	8055
dedine	47157	3302	3571
dediny	58726	2596	2824
dedičstva	26042	6198	6590
dedičstvo	22352	7218	7657
dedko	16873	9506	10005
deficit	35992	4439	4747
deficitu	16435	9727	10230
definitívne	73516	2016	2213
dej	20236	7975	8443
deje	81971	1786	1969
dejiny	58961	2581	2809
dejinách	44507	3513	3790
dejstve	21153	7636	8097
dejín	71168	2088	2288
dekan	16743	9565	10064
del	19424	8323	8798
demokracia	27166	5942	6319
demokracie	46706	3339	3610
demokraciu	19435	8320	8795
demokrati	21661	7458	7909
demokratickej	28420	5698	6063
demokratické	16304	9806	10313
demokratov	22085	7300	7743
denne	118311	1179	1322
denné	18874	8537	9013
denník	120393	1160	1302
denníka	66915	2231	2441
denníku	25137	6412	6815
der	32151	5010	5346
derby	44769	3490	3767
desať	246429	489	557
desaťročia	33155	4836	5166
desaťročí	19270	8387	8863
desiatej	19211	8412	8888
desiatich	66456	2245	2456
desiatimi	26202	6156	6543
desiatky	76308	1927	2118
desiatok	37288	4262	4567
detaily	26982	5987	6365
deti	645717	153	179
detroit	20235	7976	8444
detskej	39782	3966	4260
detská	18298	8835	9320
detské	37154	4282	4587
detského	26399	6113	6497
detský	30425	5327	5670
detských	36733	4352	4657
detstva	34939	4592	4907
detstve	18407	8772	9256
detstvo	18320	8820	9305
detva	26600	6061	6443
detí	299405	387	438
deviatej	17453	9203	9695
deviatich	28358	5715	6083
deväť	81957	1787	1970
devín	21931	7350	7794
deň	739208	133	153
deťmi	88676	1650	1826
deťom	97461	1484	1648
di	24229	6665	7082
dialo	16574	9648	10148
dialóg	31060	5223	5564
dialógu	23683	6825	7249
diania	17958	8974	9464
dianie	25378	6353	6753
diaľky	28201	5738	6108
diaľnice	24978	6471	6876
die	20407	7910	8376
diecézy	17243	9317	9815
diel	75141	1959	2153
diela	131239	1056	1191
diele	28471	5686	6051
dielne	39317	4011	4308
dielo	111363	1271	1420
dielom	28717	5634	5998
diery	16614	9623	10122
dievča	95598	1512	1677
dievčat	39953	3943	4237
dievčatko	29518	5488	5838
dievčatá	93718	1543	1710
dieťa	269112	438	501
dieťaťa	84453	1730	1912
dieťaťom	28276	5723	6092
dieťaťu	21453	7525	7980
digitálne	16065	9958	10470
diplomacie	23189	6964	7394
disciplíne	21827	7394	7841
disciplíny	23375	6904	7332
diskusia	37359	4256	4560
diskusie	49441	3146	3404
diskusii	24616	6558	6970
diskusiu	30953	5236	5577
diskutovať	24728	6531	6941
disponuje	17532	9167	9658
dispozícii	129959	1068	1203
divadelnej	17790	9059	9549
divadelné	21699	7440	7888
divadelných	16521	9675	10176
divadla	94878	1527	1694
divadle	47749	3255	3522
divadlo	109666	1301	1451
diváci	95819	1510	1675
divák	20524	7872	8337
diváka	22581	7140	7576
divákmi	52956	2904	3154
divákom	25708	6281	6677
divákov	249069	484	551
divízie	19654	8217	8689
dizajn	23965	6744	7167
dk	38023	4165	4467
dlane	17261	9304	9801
dlh	43980	3557	3834
dlhej	31834	5069	5406
dlho	276835	426	483
dlhodobo	79866	1830	2016
dlhodobé	22213	7268	7709
dlhodobého	19587	8255	8727
dlhodobý	19035	8471	8947
dlhom	30443	5322	5665
dlhopisov	31759	5084	5421
dlhopisy	19700	8195	8666
dlhoročný	16446	9722	10225
dlhu	35278	4535	4846
dlhy	26298	6135	6520
dlhá	38812	4082	4379
dlhé	124033	1122	1261
dlhú	30150	5369	5715
dlhý	58002	2634	2863
dlhých	33236	4824	5151
dlhšie	100421	1440	1600
dlhší	31393	5155	5495
dna	32739	4903	5234
dne	29033	5585	5947
dnes	1143463	88	103
dnešnej	51788	2974	3227
dnešnom	31946	5044	5381
dnešná	17179	9345	9843
dnešné	31074	5220	5561
dnešného	42711	3665	3945
dnešný	35126	4560	4871
dnešných	26506	6088	6471
dni	236906	508	577
dno	23881	6765	7188
dnu	58392	2611	2839
dní	342644	321	367
do	9678077	12	17
doba	44225	3535	3812
dobe	87780	1676	1854
dobra	16813	9541	10040
dobre	694290	144	167
dobrej	78143	1870	2059
dobro	36201	4418	4726
dobrom	41495	3793	4080
dobrou	26759	6033	6415
dobrovoľne	31244	5184	5524
dobrovoľníkov	19143	8435	8911
dobrá	106777	1343	1496
dobré	280612	418	474
dobrého	42136	3730	4013
dobrí	24019	6725	7148
dobrú	97300	1489	1653
dobrý	229520	530	603
dobrých	56870	2689	2921
dobrým	47556	3267	3534
dobu	54714	2822	3066
doby	64722	2307	2522
dochádza	57914	2639	2869
dodal	320657	358	408
dodala	98914	1460	1623
dodatočne	16979	9456	9954
dodať	29649	5468	5818
dodnes	102466	1405	1562
dodržiavanie	24390	6612	7028
dodržiavať	23226	6953	7383
dodáva	121106	1155	1296
dodávateľa	17968	8969	9459
dodávateľov	16849	9520	10019
dodávky	32937	4869	5199
dodávok	18545	8702	9184
dohoda	55136	2796	3037
dohode	45258	3459	3734
dohodli	68460	2181	2386
dohodnúť	40553	3884	4174
dohodol	18264	8845	9331
dohodou	24274	6648	7065
dohodu	70772	2097	2297
dohody	92567	1568	1737
dohromady	18827	8564	9040
dohľad	18993	8489	8965
dojem	66001	2260	2473
dojmom	16333	9789	10295
dokazuje	23464	6872	7300
doklad	18640	8639	9119
dokladov	16501	9688	10189
doklady	29757	5445	5795
dokonale	43718	3578	3855
dokonalý	17531	9168	9659
dokonca	452597	239	271
dokončenie	16129	9923	10434
dokončiť	22723	7103	7538
dokopy	38834	4079	4376
doktor	64341	2321	2536
doktora	18482	8732	9215
dokument	56557	2709	2941
dokumentov	44835	3482	3759
dokumentu	21854	7382	7827
dokumenty	46371	3359	3630
dokumentácie	18180	8880	9367
dokázal	78883	1854	2041
dokázala	35584	4488	4799
dokázali	96700	1497	1661
dokázať	36560	4374	4680
dokáže	124750	1115	1254
dokážeme	21643	7464	7915
dokážu	68891	2166	2371
dole	46071	3384	3656
dolina	16121	9928	10439
doline	22382	7204	7642
doliny	23643	6834	7258
dolnej	24941	6480	6886
dolnom	20910	7717	8181
dolná	22024	7318	7761
dolný	38740	4088	4385
dolu	90672	1613	1787
dolár	21193	7618	8078
dolára	17715	9086	9576
dolárov	170221	794	900
dom	218570	568	647
doma	354175	311	356
dome	161007	839	953
dominik	33900	4740	5063
dominika	29889	5412	5761
dominovali	16822	9534	10033
domnieva	17343	9255	9749
domoch	22547	7149	7585
domom	35838	4460	4769
domov	336799	333	381
domova	49618	3133	3391
domu	261835	452	515
domy	56768	2696	2928
domáca	29260	5540	5897
domáce	83694	1751	1933
domáceho	78019	1876	2065
domácej	78851	1855	2042
domáci	391965	272	313
domácich	195318	651	745
domácim	61488	2449	2671
domácnosti	59983	2533	2758
domácností	27421	5884	6257
domácnosť	16347	9778	10284
domácom	58877	2585	2813
domácu	23998	6733	7156
don	32325	4969	5303
donedávna	22730	7100	7535
dopad	21166	7631	8092
dopadlo	17364	9248	9742
dopadne	17817	9047	9537
doplnil	56112	2740	2975
doplnila	20848	7745	8208
doplniť	19479	8298	8772
dopoludnia	21054	7664	8126
doposiaľ	48749	3186	3446
doprava	49702	3127	3385
doprave	22669	7116	7552
dopravnej	35382	4522	4833
dopravné	29354	5525	5878
dopravného	20339	7941	8407
dopravný	21134	7640	8101
dopravných	31434	5141	5481
dopravu	44215	3536	3813
dopravy	116575	1200	1347
dopredu	80677	1817	2001
dopyt	43106	3624	3903
dopytu	23271	6934	7364
dopĺňa	26591	6063	6445
dorast	43356	3605	3882
dorastenci	16102	9938	10449
dorastu	21387	7547	8003
dosah	34955	4587	4901
dosahuje	33812	4752	5075
dosiahla	64866	2301	2515
dosiahli	73636	2008	2205
dosiahne	24460	6595	7010
dosiahnutie	27764	5828	6199
dosiahnuť	114969	1222	1371
dosiahol	92576	1567	1736
dosiaľ	56139	2737	2971
doskokov	18864	8546	9022
dosky	17896	9008	9498
doslova	82127	1783	1966
dospelí	37013	4303	4608
dospelých	69436	2152	2357
dostal	353119	312	357
dostala	156416	867	981
dostali	267839	440	503
dostalo	56949	2685	2917
dostane	121494	1149	1289
dostanem	17068	9398	9896
dostaneme	23184	6966	7397
dostanete	25024	6453	6857
dostanú	74477	1979	2174
dostatok	71085	2090	2290
dostatočne	76678	1912	2103
dostatočné	18051	8942	9431
dostatočný	19133	8440	8916
dostať	221442	555	634
dostupné	43101	3626	3905
dostupných	17108	9373	9871
dostáva	55061	2804	3045
dostávajú	38168	4150	4452
dostávali	22427	7186	7624
dostávať	16002	9993	10505
dosť	369829	288	330
doterajšie	24227	6668	7085
doterajší	21628	7469	7921
doterajších	24381	6617	7033
doteraz	252564	479	545
dotkol	18414	8767	9251
dotyk	16553	9662	10162
dotácie	35880	4455	4764
dotáciu	21425	7533	7988
dotácií	16013	9984	10496
dovedna	21311	7577	8035
dovnútra	17240	9318	9816
dovolenke	20006	8070	8538
dovolenku	43728	3577	3854
dovolenky	33705	4770	5094
dovolil	16515	9679	10180
dovoliť	55131	2798	3039
dovoz	20951	7709	8173
dovtedy	82244	1778	1961
dozadu	30432	5324	5667
dozvedel	45109	3470	3745
dozvedela	19581	8259	8731
dozvedeli	45523	3434	3708
dozvedieť	23170	6971	7402
dočasne	30460	5318	5661
dočkať	16287	9818	10325
doň	33994	4727	5049
došlo	146540	929	1051
dp	18067	8932	9421
dpa	32163	5005	5341
dph	59499	2558	2784
draco	20902	7719	8183
drahá	28114	5757	6127
drahé	26855	6021	6401
drahý	28941	5597	5959
drahšie	16387	9750	10256
dres	29913	5408	5757
drese	64454	2314	2529
dreva	50229	3078	3336
drevené	22196	7269	7710
drevo	37124	4286	4591
drobné	38825	4081	4378
drobných	19048	8462	8938
drog	19640	8227	8699
drogy	26088	6189	6579
druh	61458	2451	2673
druhej	471799	225	256
druhom	258999	463	528
druhou	60160	2523	2746
druhov	62397	2409	2627
druhu	61515	2447	2669
druhy	58348	2615	2843
druhá	142184	969	1094
druhé	140872	980	1107
druhého	174321	766	867
druhému	27876	5809	6180
druhí	19508	8285	8758
druhú	114126	1236	1385
druhý	389725	276	317
druhých	33489	4796	5122
druhýkrát	26277	6141	6528
druhým	97204	1491	1655
družstiev	46873	3322	3592
družstva	38034	4164	4466
družstvo	57472	2660	2892
družstvá	33929	4736	5058
dráhu	16233	9857	10365
dráhy	17043	9416	9914
dráma	38705	4091	4389
držal	50555	3048	3303
držala	24645	6548	6959
držali	31196	5198	5538
držať	45247	3461	3736
držia	19716	8187	8657
drží	49942	3100	3358
ds	25838	6251	6647
du	21007	7682	8146
dubnica	78029	1875	2064
duch	48305	3212	3475
ducha	72801	2037	2234
duchom	19102	8450	8926
duchovnej	19501	8289	8762
duchovné	25028	6450	6854
duchovného	19576	8260	8732
duchovný	24912	6488	6894
duchovných	18778	8587	9063
duchu	104143	1368	1523
duel	67652	2203	2411
dueli	27287	5909	6283
dueloch	16273	9825	10332
duelu	30885	5245	5586
dukla	50169	3084	3342
dukly	23339	6914	7343
dunaja	21265	7592	8051
dunaji	16266	9832	10339
dunajskej	20828	7753	8217
dunajská	25683	6289	6686
duša	34916	4599	4914
dušan	97843	1477	1641
dušana	22309	7234	7673
duše	64989	2292	2506
duši	27087	5961	6338
dušu	39338	4008	4304
dva	662891	150	175
dvadsať	95458	1515	1680
dvadsiatich	27359	5896	6269
dvaja	189262	685	782
dvakrát	117869	1183	1327
dvanástich	20993	7689	8153
dvanásť	58093	2630	2859
dvd	26404	6109	6493
dve	594776	172	200
dverami	36425	4390	4697
dvere	198472	637	730
dverách	46814	3327	3597
dverám	32257	4984	5318
dverí	56466	2714	2946
dvesto	30093	5376	5722
dvetisíc	17474	9190	9681
dvoch	562063	188	216
dvojica	38933	4065	4362
dvojice	33738	4761	5085
dvom	31765	5082	5419
dvoma	151287	900	1018
dvomi	38427	4130	4430
dvor	38583	4112	4410
dvora	27751	5830	6201
dvore	39931	3948	4242
dych	41909	3752	4036
dym	21773	7413	7860
dzurinda	34427	4678	4996
dzurindu	16458	9711	10213
dá	330654	342	392
dám	42475	3698	3979
dáma	21114	7647	8108
dáme	34462	4667	4985
dámy	25376	6354	6754
dánsko	20670	7811	8275
dát	36776	4337	4642
dáta	30669	5281	5624
dátum	38040	4163	4465
dáva	110748	1282	1431
dávajú	41686	3775	4062
dával	29725	5450	5800
dávali	27964	5786	6157
dávať	52165	2953	3205
dávid	28517	5678	6043
dávku	25916	6224	6617
dávky	35227	4541	4852
dávnejšie	23500	6867	7293
dávno	124192	1119	1258
dávok	23794	6790	7213
dážď	35595	4487	4798
díval	21594	7480	7932
dôchodcov	41887	3755	4039
dôchodcovia	16228	9858	10366
dôchodkového	18800	8576	9052
dôchodku	51463	2988	3242
dôchodky	16224	9862	10370
dôchodok	35815	4462	4771
dôjde	35033	4579	4892
dôjsť	32844	4884	5214
dôkaz	39236	4023	4320
dôkazom	36239	4413	4721
dôkazov	18561	8686	9168
dôkazy	36119	4425	4733
dôkladne	30222	5356	5702
dôležitejšie	21069	7659	8121
dôležitosť	21356	7562	8019
dôležitou	17159	9349	9847
dôležitá	50542	3050	3305
dôležité	252346	480	546
dôležitú	30864	5247	5588
dôležitý	63549	2354	2569
dôležitých	28564	5668	6033
dôležitým	27446	5879	6252
dôraz	37983	4171	4473
dôsledkom	29668	5464	5814
dôsledku	130523	1063	1198
dôsledky	46125	3378	3650
dôsledne	18812	8572	9048
dôsledok	17451	9204	9696
dôstojnosť	16073	9954	10466
dôvera	24842	6507	6916
dôveru	50906	3025	3279
dôvery	30763	5259	5602
dôvod	135716	1025	1156
dôvodom	104532	1363	1517
dôvodov	106073	1348	1501
dôvodu	123618	1126	1265
dôvody	57371	2664	2896
dúbravka	17268	9301	9798
dúfa	17194	9337	9835
dúfal	17472	9192	9683
dúfam	84289	1733	1915
dĺžka	25397	6348	6748
dĺžke	19189	8421	8897
dĺžku	16921	9482	9981
dňa	406212	263	302
dňami	35080	4572	4884
dňoch	204111	611	696
dňom	42614	3679	3959
dňu	17947	8980	9470
e	92347	1577	1746
ecb	32331	4966	5300
eduard	27588	5858	6230
efekt	38803	4083	4380
efektívne	33462	4799	5125
ek	28397	5706	6073
ekonomickej	52450	2936	3186
ekonomicky	24531	6583	6996
ekonomická	22944	7030	7465
ekonomické	49508	3141	3399
ekonomického	34694	4628	4945
ekonomickú	18976	8498	8974
ekonomický	35161	4551	4862
ekonomických	39201	4029	4326
ekonomika	55624	2766	3001
ekonomike	28384	5710	6077
ekonomiku	38199	4147	4449
ekonomiky	110473	1288	1437
ekonóm	21334	7570	8028
el	21941	7346	7790
elektrickej	23759	6802	7225
elektrické	17640	9122	9612
elektriny	38425	4131	4431
elektronickej	18607	8665	9145
elektronické	19603	8247	8719
elektronických	17673	9104	9594
elektrárne	35884	4454	4763
elektrární	18499	8720	9203
elena	27184	5935	6312
emil	24113	6701	7122
emisií	16681	9588	10087
emma	20564	7857	8322
emócie	27000	5982	6360
energia	23152	6979	7411
energie	105926	1350	1504
energiu	45989	3388	3661
energií	21236	7608	8067
ep	16702	9582	10081
erik	33102	4849	5179
erika	23466	6871	7299
es	16317	9800	10306
et	44020	3552	3829
etapa	23967	6743	7166
etape	23798	6788	7211
etapy	26004	6205	6597
eu	16009	9987	10500
eur	822946	116	135
eura	101384	1422	1580
euro	87492	1679	1857
eurofondov	26188	6160	6547
europe	17246	9316	9814
eurozóne	20986	7693	8157
eurozóny	53002	2899	3149
európa	56694	2702	2934
európe	185564	706	803
európska	99782	1448	1609
európske	59676	2548	2774
európskeho	89035	1638	1814
európskej	289704	399	452
európskom	32367	4961	5294
európskou	21459	7522	7976
európsku	29850	5422	5772
európsky	59595	2553	2779
európskych	109187	1309	1459
európskym	19025	8477	8953
európu	32511	4935	5268
európy	218779	564	643
eva	87889	1673	1851
evanjelia	18556	8692	9174
evanjelium	18829	8562	9037
evidencie	16270	9829	10336
existencia	16252	9845	10352
existencie	45527	3433	3707
existenciu	30577	5297	5640
existovať	23801	6786	7209
existuje	117795	1186	1330
existujú	63002	2373	2589
existujúcich	16358	9768	10274
experti	22759	7091	7526
expertov	20895	7724	8188
export	16334	9787	10293
expozícia	25045	6442	6845
expozície	20536	7867	8332
extra	16535	9668	10169
extraliga	23544	6860	7286
extralige	19444	8313	8788
extraligy	44029	3551	3828
extrémne	29980	5396	5743
eú	292545	393	446
ešte	2292931	49	59
f	45278	3455	3730
facebook	39883	3955	4249
facebooku	20457	7894	8359
fajn	31072	5221	5562
fakt	143803	953	1077
faktom	23812	6780	7203
faktor	23722	6817	7240
faktorom	22564	7144	7580
faktorov	30762	5260	5603
faktory	29677	5462	5812
faktov	16171	9902	10411
fakty	34486	4659	4977
fakulta	35893	4452	4761
fakulte	33943	4733	5055
fakulty	62545	2397	2614
fanúšikom	18476	8736	9220
fanúšikov	66313	2248	2460
fanúšikovia	48013	3234	3498
farba	25088	6424	6827
farbu	27982	5781	6152
farby	70027	2130	2333
farebné	16178	9896	10405
farieb	23530	6861	7287
farkaš	16008	9990	10502
farnosti	31910	5052	5389
farár	30228	5354	5700
favorita	19761	8168	8638
favoritom	18465	8742	9225
fax	28584	5660	6025
fc	195413	650	744
feb	23997	6734	7157
február	25063	6431	6834
februára	173139	775	878
februári	53807	2863	3110
federácie	41701	3774	4061
fedor	16178	9897	10406
fenomén	22296	7238	7677
ferrari	17524	9172	9663
festival	79694	1837	2022
festivale	31859	5064	5401
festivalu	74506	1978	2173
fica	44248	3532	3809
fico	106470	1346	1499
fifa	18690	8616	9096
filip	55326	2777	3015
film	261596	453	516
filme	58588	2603	2831
filmoch	16930	9478	9977
filmom	21074	7657	8119
filmov	72168	2056	2256
filmovej	19753	8174	8644
filmové	20628	7834	8298
filmového	21013	7677	8141
filmový	29221	5549	5906
filmových	25873	6237	6631
filmu	103215	1390	1546
filmy	64144	2332	2547
filozofia	19982	8083	8551
filozofickej	18228	8858	9344
filozofie	34632	4635	4952
financie	49567	3137	3395
financií	176024	753	854
financovania	36409	4393	4700
financovanie	41175	3817	4106
financovať	17457	9199	9691
finančne	47725	3257	3524
finančnej	73327	2021	2218
finančná	38962	4062	4359
finančné	120710	1158	1300
finančného	36960	4311	4616
finančnú	47477	3277	3544
finančný	40213	3915	4209
finančných	104086	1373	1528
finále	198384	638	731
firiem	97870	1476	1640
firma	176921	749	849
firme	58555	2606	2834
firmou	24363	6624	7040
firmu	44329	3527	3804
firmy	274946	428	487
firmám	18656	8633	9113
fk	110491	1287	1436
fnm	23603	6842	7267
fo	21936	7349	7793
fond	74628	1972	2167
fondov	64998	2290	2504
fondu	114620	1226	1375
fondy	32066	5025	5361
for	41502	3790	4077
ford	17058	9404	9902
foriem	27174	5937	6314
forma	45809	3412	3686
forme	87988	1672	1850
formou	89771	1628	1803
formu	59517	2555	2781
formy	73302	2022	2219
formálne	25846	6249	6644
fotky	16193	9888	10397
foto	154779	879	993
fotografia	23170	6972	7403
fotografie	78062	1873	2062
fotografii	17147	9354	9852
fotografiu	24252	6658	7075
fotografií	42754	3661	3941
france	26169	6166	6553
francúzi	20993	7690	8154
francúzska	66117	2255	2468
francúzske	16085	9948	10460
francúzskeho	29706	5456	5806
francúzskej	30890	5243	5584
francúzsko	67650	2204	2412
francúzskom	20625	7837	8301
francúzsku	62905	2378	2594
francúzsky	53344	2888	3137
francúzskych	18175	8887	9373
frank	19889	8120	8590
františek	133978	1034	1168
františka	47571	3266	3533
fungovania	24418	6604	7020
fungovanie	26614	6057	6439
fungovať	49811	3114	3372
funguje	82304	1776	1959
fungujú	22392	7198	7636
funkcia	27210	5930	6307
funkcie	138822	996	1125
funkcii	47385	3285	3553
funkcionári	21261	7597	8056
funkcionárov	22290	7239	7678
funkciu	80274	1824	2008
funkcií	35135	4555	4866
funkčné	20288	7960	8426
futbal	148993	908	1029
futbale	42098	3733	4016
futbalista	30069	5380	5726
futbalisti	67820	2200	2408
futbalistov	33043	4853	5183
futbalovej	54917	2809	3052
futbalovom	16102	9939	10450
futbalová	24192	6680	7099
futbalové	29663	5466	5816
futbalového	52179	2951	3203
futbalový	56428	2719	2951
futbalových	28394	5708	6075
futbalu	60236	2516	2739
fyzickej	22282	7242	7681
fyzicky	33264	4822	5149
fyzické	25477	6329	6728
fyzických	21348	7566	8023
fyziky	16210	9871	10380
fáza	17981	8963	9453
fáze	45896	3402	3676
fázy	32702	4909	5240
fínsko	24286	6643	7059
fórum	27601	5855	6227
fľaše	21193	7619	8079
fľašu	20018	8061	8529
g	131185	1057	1192
gabriel	42276	3715	3997
gabriela	27907	5803	6174
gajdoš	29498	5495	5845
galanta	25015	6458	6862
galéria	35929	4447	4756
galérie	29631	5469	5819
galérii	28361	5714	6081
gašparovič	31880	5059	5396
gb	16549	9664	10164
gbely	19642	8226	8698
generácia	32828	4887	5217
generácie	63587	2350	2565
generáciu	18843	8557	9033
generál	27429	5880	6253
generálneho	56869	2690	2922
generálny	94985	1524	1690
george	36345	4401	4708
gesto	18359	8800	9284
globálnej	16714	9576	10075
google	33173	4834	5164
graf	18048	8943	9432
gramov	20878	7734	8198
grand	21978	7332	7775
gregor	22526	7154	7590
group	36681	4361	4666
grécka	31692	5092	5430
grécko	42593	3683	3963
grécku	30533	5306	5649
gróf	20683	7803	8267
gymnázia	33177	4833	5163
gymnáziu	18590	8675	9155
gymnázium	29927	5406	5755
gól	286744	410	464
góle	33588	4783	5107
gólman	20011	8064	8532
gólmi	37471	4233	4536
gólom	55177	2793	3033
gólov	139671	990	1119
gólu	45537	3431	3705
góly	408052	259	297
h	648536	152	178
ha	23791	6791	7214
hala	17563	9156	9646
hale	48713	3189	3449
haly	28152	5746	6116
handlovej	16631	9611	10110
handlová	22055	7310	7753
hantuchová	16820	9536	10035
harry	41857	3759	4043
hasiči	40897	3844	4134
hasičov	22189	7274	7715
hc	58127	2628	2857
hdp	65723	2268	2481
hej	50920	3020	3274
hektárov	18193	8874	9360
helena	30747	5262	5605
herci	23553	6857	7283
hercov	20898	7722	8186
herec	43047	3635	3914
herečka	25047	6439	6842
hermiona	26165	6168	6556
heslo	18342	8812	9297
hier	54390	2838	3084
historickej	29996	5395	5742
historicky	30029	5386	5733
historické	48966	3170	3429
historického	28883	5611	5974
historický	33491	4795	5121
historických	43087	3628	3907
historik	21635	7466	7918
história	45310	3452	3727
histórie	69345	2155	2360
histórii	93444	1550	1717
históriu	39062	4045	4342
hk	58172	2625	2854
hkm	19824	8146	8616
hlad	18168	8890	9376
hladina	17526	9171	9662
hladinu	19832	8143	8613
hladiny	17378	9239	9735
hladko	19719	8186	8656
hlas	183601	712	810
hlase	19679	8207	8678
hlasom	64840	2303	2518
hlasov	112186	1257	1406
hlasovania	25790	6265	6661
hlasovanie	28416	5700	6065
hlasovaní	21434	7531	7986
hlasovať	27296	5907	6281
hlasu	24807	6513	6922
hlasy	61215	2463	2685
hlava	62719	2389	2606
hlave	91169	1601	1774
hlavičkou	17049	9412	9910
hlavne	266341	444	507
hlavnej	75554	1947	2139
hlavnom	52987	2901	3151
hlavnou	48401	3205	3467
hlavná	44704	3495	3772
hlavné	102253	1409	1566
hlavného	104105	1372	1527
hlavnú	37693	4203	4506
hlavný	110208	1296	1445
hlavných	67980	2197	2404
hlavným	102487	1403	1560
hlavnými	17529	9170	9661
hlavou	181689	720	818
hlavu	189230	686	783
hlavy	130311	1067	1202
hlboko	64059	2334	2549
hlboké	25428	6340	6740
hlboký	17660	9110	9600
hlbšie	31589	5117	5457
hliadka	18734	8600	9078
hlohovec	28424	5697	6062
hlási	18625	8651	9131
hlúposť	16801	9545	10044
hm	24990	6467	6872
hmotnosti	19855	8129	8599
hmotnosť	24684	6543	6954
hmoty	19107	8446	8922
hn	70733	2102	2302
hnev	29227	5548	5905
hneď	418505	253	288
hnutia	63533	2356	2571
hnutie	47739	3256	3523
hnutí	16956	9464	9963
ho	2754401	40	50
hoci	600741	168	195
hod	24734	6530	6940
hodil	33054	4852	5182
hodina	21016	7674	8138
hodine	79771	1834	2019
hodinky	29665	5465	5815
hodinu	96628	1500	1664
hodiny	188673	687	784
hodinách	64932	2295	2509
hodnota	74429	1982	2177
hodnote	91754	1588	1758
hodnotenia	37858	4184	4486
hodnotenie	57758	2650	2881
hodnotení	36379	4396	4703
hodnotiť	25685	6286	6683
hodnotou	21757	7421	7869
hodnotu	93564	1548	1715
hodnoty	143545	956	1080
hodnotí	28264	5726	6095
hodnôt	49844	3109	3367
hody	19147	8434	8910
hodí	17582	9147	9637
hodín	186140	701	798
hokej	62111	2421	2640
hokeja	27001	5981	6359
hokeji	24372	6622	7038
hokejista	18675	8624	9104
hokejisti	46717	3336	3607
hokejistov	26400	6112	6496
hokejovej	39814	3961	4255
hokejový	23563	6856	7282
holandsko	25356	6361	6761
holandsku	17641	9120	9611
holíč	17768	9066	9556
hora	21246	7603	8062
hore	133037	1043	1177
horizonte	16837	9526	10025
hornej	40716	3863	4153
horná	34553	4647	4965
horné	19026	8476	8952
horný	18254	8850	9336
horských	16322	9796	10302
horváth	38234	4144	4446
hory	43512	3590	3867
horách	28744	5631	5995
horúce	17061	9401	9899
horšie	80510	1821	2005
hospodárenia	19898	8111	8580
hospodárske	27939	5789	6160
hospodárskeho	23510	6865	7291
hospodárskej	43496	3592	3869
hospodársky	29429	5508	5859
hospodárskych	25528	6317	6716
hospodárstva	90439	1616	1790
hospodárstvo	22924	7036	7471
hossa	26285	6140	6525
hostia	257295	466	532
hostí	178294	742	841
hosť	20390	7915	8381
hosťom	42685	3668	3948
hosťujúci	26478	6094	6477
hotel	44153	3540	3817
hotela	40266	3910	4203
hoteli	39288	4017	4314
hotovosti	21386	7548	8004
hotové	18687	8618	9098
hotový	18121	8907	9395
hovorca	144835	943	1065
hovorcu	27151	5943	6320
hovoria	106858	1342	1495
hovoril	130381	1065	1200
hovorila	39055	4047	4344
hovorili	69890	2135	2338
hovorilo	37256	4266	4571
hovoriť	184118	710	808
hovorkyne	19390	8332	8807
hovorkyňa	117535	1191	1335
hovorí	694408	143	166
hovorím	53250	2893	3142
hovoríme	37658	4209	4512
hovoríte	20960	7703	8167
hr	21168	7630	8091
hra	102484	1404	1561
hrad	50255	3075	3333
hrade	26576	6067	6450
hradu	44981	3478	3753
hrajú	61212	2466	2688
hral	113483	1239	1388
hrala	34603	4640	4958
hrali	126485	1094	1232
hralo	48171	3222	3485
hranica	25586	6310	6707
hranice	98266	1470	1633
hranici	38961	4063	4360
hraniciach	24645	6549	6960
hranicou	16668	9597	10096
hranicu	59252	2568	2796
hraníc	41772	3769	4054
hračky	16513	9680	10181
hrať	221498	554	633
hrdina	28955	5596	5958
hrdinov	21920	7358	7803
hrdinu	19197	8420	8896
hrdý	19547	8272	8744
hre	84610	1727	1909
hriech	24233	6662	7079
hriechu	19632	8232	8704
hriechy	18614	8658	9138
hrob	22605	7135	7571
hrobu	20075	8037	8505
hronom	51310	2996	3250
hrou	36875	4322	4627
hrozba	17816	9049	9539
hrozbou	17953	8976	9466
hrozbu	18711	8607	9086
hrozne	16414	9740	10243
hrozné	18347	8807	9292
hrozí	98209	1472	1635
hru	99005	1456	1619
hrubé	17860	9025	9515
hrubého	24572	6570	6984
hrubý	25043	6443	6846
hrudi	16118	9931	10442
hry	218637	566	645
hrá	113835	1238	1387
hrách	26941	5997	6376
hráme	18892	8528	9004
hrával	22134	7290	7733
hráč	116074	1206	1354
hráča	65330	2282	2495
hráči	206805	600	683
hráčky	30590	5291	5634
hráčmi	31647	5101	5439
hráčom	72774	2038	2235
hráčov	236458	512	581
hudba	84580	1729	1911
hudbe	26699	6043	6425
hudbou	21242	7605	8064
hudbu	52540	2931	3181
hudby	84447	1731	1913
hudec	22593	7137	7573
hudobnej	26205	6155	6542
hudobné	34494	4658	4976
hudobného	19656	8216	8688
hudobný	29877	5415	5764
hudobných	24492	6590	7005
humennom	35111	4563	4875
humenné	78311	1867	2055
humor	26665	6051	6433
hviezd	31383	5158	5498
hviezda	41789	3767	4051
hviezdou	16468	9703	10205
hviezdy	54088	2852	3099
hzds	97463	1483	1647
hádam	64861	2302	2516
hôr	25018	6456	6860
hĺbky	20492	7880	8345
hľa	16259	9838	10345
hľadajú	41908	3753	4037
hľadal	38006	4168	4470
hľadala	17042	9417	9915
hľadali	38831	4080	4377
hľadanie	32999	4861	5191
hľadaní	23262	6943	7372
hľadať	108576	1318	1469
hľadel	34307	4695	5016
hľadela	21311	7578	8036
hľadiska	188088	695	792
hľadá	72124	2058	2258
hľadám	17369	9245	9739
hľadáme	21842	7387	7832
i	2156987	54	64
iba	1329908	76	91
ibaže	31599	5112	5452
ich	3528582	31	41
ide	748041	131	151
idem	51804	2972	3225
ideme	43455	3596	3873
identifikovať	21601	7476	7928
identitu	17044	9414	9912
identity	26110	6180	6570
ideálne	33695	4772	5096
idú	55833	2759	2994
igor	79200	1847	2032
igora	18874	8538	9014
ihneď	59791	2541	2766
ihriska	30987	5232	5573
ihrisko	44549	3509	3786
ihrisku	82680	1768	1951
ii	46667	3342	3613
iii	21317	7574	8032
im	948136	106	125
imrich	20242	7972	8440
in	192489	667	763
inak	277118	425	482
incident	16331	9792	10298
inde	69492	2148	2353
index	49104	3159	3418
india	17056	9407	9905
indie	16208	9873	10382
indii	17898	9007	9497
individuálne	42381	3705	3986
individuálnych	16900	9495	9994
inej	81631	1795	1979
inflácia	18723	8604	9083
inflácie	23077	6996	7429
info	16382	9752	10258
informačnej	16375	9755	10261
informačné	27492	5870	6243
informačného	16249	9848	10356
informačný	16134	9919	10429
informačných	29138	5564	5923
informoval	173252	774	876
informovala	164181	825	934
informovali	50884	3027	3281
informovať	37946	4177	4479
informuje	39875	3956	4250
informácia	42681	3670	3950
informácie	331385	340	390
informáciu	53654	2874	3122
informácií	215534	575	654
infraštruktúry	28714	5636	6000
iniciatíva	18745	8597	9074
iniciatívu	24814	6512	6921
iniciatívy	31432	5143	5483
inkasovali	20043	8051	8519
inokedy	42516	3690	3970
inom	58023	2633	2862
inou	21284	7587	8045
integrácie	16301	9808	10315
intenzívne	40698	3866	4156
inter	66252	2252	2465
international	36048	4433	4741
internet	75851	1937	2129
internete	56898	2688	2920
internetovej	39050	4048	4345
internetových	18076	8927	9416
internetu	44235	3534	3811
interu	19322	8356	8832
investičné	19219	8409	8885
investičných	18443	8748	9231
investor	32263	4983	5317
investora	19515	8282	8755
investori	34444	4671	4989
investorov	50879	3029	3283
investovať	37613	4217	4520
investícia	18786	8582	9058
investície	70688	2103	2303
investícií	42060	3739	4023
inzercia	56539	2712	2944
iná	79807	1832	2017
ináč	38655	4101	4399
iné	472920	222	253
iného	177942	744	843
inému	22851	7062	7497
iní	88300	1661	1839
inú	67612	2207	2415
iný	196993	646	740
iných	355914	305	350
iným	111737	1264	1413
inými	90319	1618	1793
inštitúcia	16012	9985	10497
inštitúcie	64223	2331	2546
inštitúcií	50671	3041	3295
inštitút	31730	5086	5423
inštitútu	37807	4192	4495
iraku	57059	2680	2912
irán	23164	6977	7409
is	42610	3681	3961
isbn	31840	5067	5404
iste	103531	1384	1540
istej	70006	2131	2334
isto	41987	3745	4029
istom	59484	2560	2787
istotne	16038	9975	10487
istotou	18693	8613	9093
istotu	47112	3306	3575
istá	57946	2636	2866
isté	173441	772	873
istého	43110	3623	3902
istí	19111	8444	8920
istú	46294	3365	3636
istý	165427	821	930
istých	26164	6170	6558
istým	31636	5103	5442
it	46562	3350	3621
ivan	192342	668	764
ivana	75433	1951	2143
iveta	34396	4682	5001
izba	18697	8612	9092
izbe	60370	2509	2732
izbu	22780	7083	7518
izby	85563	1710	1892
izrael	40999	3830	4119
izraela	26871	6015	6395
išiel	72435	2050	2248
išla	44830	3483	3760
išli	75136	1960	2154
išlo	166036	815	923
j	43487	3593	3870
ja	1025465	97	114
jack	26666	6050	6432
jadro	18864	8547	9023
jadrovej	19618	8242	8714
jadrových	18072	8930	9419
jak	36861	4324	4629
jako	23149	6981	7413
jakub	63559	2352	2567
james	31082	5217	5558
jan	62148	2419	2638
jana	121306	1152	1292
jane	17321	9271	9765
janka	37456	4238	4541
janko	27734	5834	6205
jano	18215	8866	9352
január	29577	5484	5834
januára	218626	567	646
januári	67094	2222	2431
japonska	16216	9867	10375
japonsko	25017	6457	6861
japonsku	23388	6899	7327
jar	99849	1446	1607
jari	29495	5497	5847
jarnej	24422	6603	7019
jaroslav	100941	1430	1590
jaroslava	25854	6248	6642
jaskyne	18142	8901	9389
jasne	104028	1376	1531
jasná	22910	7041	7476
jasné	182267	719	817
jasný	32210	4997	5331
jav	21316	7575	8033
javisku	17410	9225	9718
javí	21819	7396	7843
jazda	24568	6575	6988
jazde	18650	8635	9115
jazdiť	25221	6387	6788
jazdu	21760	7420	7868
jazdy	35389	4521	4832
jazyk	104023	1377	1532
jazyka	100623	1435	1595
jazykom	37565	4221	4524
jazykov	32390	4958	5291
jazyku	65222	2284	2497
jazyky	20154	8004	8472
je	14910648	5	8
jean	16123	9926	10437
jeden	834918	115	134
jedenásť	34553	4648	4966
jedine	41606	3779	4066
jedinej	20012	8063	8531
jedinou	44959	3479	3754
jediná	68338	2184	2389
jediné	68215	2188	2394
jediného	33353	4812	5139
jedinú	30326	5337	5682
jediný	141465	975	1101
jediným	72536	2044	2242
jedla	33267	4821	5148
jedlo	61883	2431	2652
jedlá	20095	8028	8496
jedna	291855	396	449
jednak	50896	3026	3280
jednej	312400	368	418
jedno	274207	429	489
jednoducho	194497	652	746
jednoduchá	24316	6634	7050
jednoduché	86916	1694	1874
jednoduchý	30066	5381	5727
jednoduchšie	22769	7085	7520
jednom	160870	841	955
jednota	22968	7024	7459
jednotiek	35985	4441	4749
jednotka	39623	3982	4278
jednotkou	16878	9503	10002
jednotku	20332	7944	8410
jednotky	70358	2115	2318
jednotlivca	25059	6435	6838
jednotlivcov	39550	3988	4284
jednotlivé	101348	1423	1581
jednotlivých	202971	618	707
jednotlivými	22537	7152	7588
jednoty	23513	6864	7290
jednou	141105	977	1103
jednoznačne	95097	1522	1687
jednu	264409	446	509
jedného	320247	359	409
jednému	31762	5083	5420
jedným	210587	592	673
jedál	17214	9327	9825
jeho	3394563	33	43
jej	2637712	43	53
jemne	33728	4765	5089
jemu	44681	3497	3774
jersey	19992	8077	8545
jesene	25745	6272	6668
jeseni	17060	9402	9900
jesennej	20850	7743	8207
jeseň	78236	1868	2057
jesť	36884	4321	4626
ježiš	102841	1398	1555
ježiša	65630	2271	2484
ježišovi	22319	7232	7671
joe	22518	7158	7595
john	56190	2732	2966
johna	17462	9198	9690
johnson	22557	7147	7583
joj	39210	4026	4324
jones	17147	9355	9853
jose	16165	9906	10415
jozef	345413	316	362
jozefa	91354	1593	1766
ju	1583669	66	80
juh	36282	4408	4716
juhu	37026	4300	4605
junior	22267	7247	7686
juniori	19896	8114	8583
juniorov	22045	7315	7758
juraj	169087	801	908
juraja	39636	3980	4275
južnej	44732	3494	3771
ján	460031	234	265
jána	158574	853	967
jánom	21912	7363	7808
jánovi	19342	8351	8826
jánošík	20654	7818	8282
júl	37871	4180	4482
júla	189935	679	775
júli	45937	3395	3669
júlia	20535	7869	8334
július	35048	4578	4891
jún	43187	3618	3896
júna	220415	561	640
júni	58915	2583	2811
k	4683508	23	33
kabinet	22509	7162	7599
kabinetu	18788	8580	9056
kabát	19487	8295	8768
kabíne	16738	9567	10066
kalendár	18664	8629	9109
kaliňák	21014	7676	8140
kam	178688	737	836
kamarát	30261	5351	5697
kamaráti	24313	6635	7051
kamarátov	23771	6799	7222
kamene	24917	6485	6891
kamera	17250	9312	9809
kamery	22685	7113	7549
kameň	46093	3381	3653
kameňa	17614	9133	9623
kamil	17250	9313	9810
kampane	51416	2989	3243
kampani	21181	7624	8085
kampaň	67933	2199	2406
kanada	27094	5958	6335
kanade	21082	7655	8117
kanady	19571	8264	8736
kancelária	28699	5638	6002
kancelárie	77134	1900	2091
kancelárii	29131	5566	5925
kandidovať	18290	8837	9322
kandidát	38838	4078	4375
kandidáta	36116	4426	4734
kandidáti	24858	6504	6911
kandidátom	18138	8902	9390
kandidátov	60531	2495	2718
kanál	16000	9995	10507
kapacita	20553	7861	8326
kapacitu	18358	8801	9285
kapacity	27813	5818	6189
kapela	25903	6228	6621
kapely	30623	5286	5629
kapitola	36580	4371	4677
kapitole	19109	8445	8921
kapitoly	22052	7311	7754
kapitál	22447	7178	7616
kapitálu	31248	5182	5522
kapitán	87588	1678	1856
kapitána	27218	5928	6305
kardinál	32800	4895	5225
karel	17766	9067	9557
kariet	26556	6073	6456
kariére	44385	3521	3798
kariéru	40332	3901	4192
kariéry	43875	3566	3843
karol	77334	1892	2082
karola	25867	6242	6636
karta	20133	8014	8482
kartu	39890	3951	4245
karty	67274	2215	2424
katarína	75491	1948	2140
katedry	20244	7971	8438
kategória	30397	5330	5674
kategórie	73958	1997	2194
kategórii	121659	1146	1286
kategóriách	36441	4387	4694
kategórií	28534	5675	6040
katka	16391	9748	10254
katolícka	22818	7074	7509
katolíckej	47193	3297	3566
kauza	22363	7214	7653
kauze	35187	4548	4859
kauzy	24299	6638	7054
každej	126564	1093	1231
každom	149181	906	1027
každoročne	48995	3167	3426
každá	122091	1140	1280
každé	98691	1464	1627
každého	167773	808	916
každému	68797	2168	2373
každú	118492	1177	1320
každý	714441	139	161
každých	18982	8495	8971
každým	45413	3443	3718
kbs	97405	1488	1652
kde	1510916	68	82
kdekoľvek	16488	9693	10194
kdesi	43186	3619	3897
kdh	125138	1108	1246
keby	603791	165	191
ked	20389	7917	8383
kedy	321540	356	406
kedykoľvek	39391	4004	4300
kedysi	135830	1024	1155
keď	4175377	25	35
keďže	463496	232	263
kežmarku	16466	9704	10206
kežmarok	30704	5276	5619
kg	112097	1261	1410
khl	23401	6893	7321
kia	19300	8369	8845
kilogramov	21182	7622	8083
kilometrov	115306	1215	1363
kim	18564	8682	9163
kina	24170	6690	7110
kine	16904	9489	9988
kino	48563	3197	3459
kladie	31204	5195	5535
klasickej	18328	8816	9301
klasické	26498	6091	6474
klaus	18456	8745	9228
klesla	36202	4417	4725
klesli	27320	5901	6275
klesol	44661	3499	3776
klesá	30616	5287	5630
klient	40150	3921	4215
klienta	29748	5447	5797
klienti	33791	4755	5078
klientom	31354	5161	5501
klientov	69156	2161	2366
klobúk	23248	6946	7376
klub	190776	675	771
klube	66481	2244	2455
klubom	25731	6274	6670
klubov	60422	2502	2725
klubu	237606	506	575
kluby	48760	3184	3444
klásť	16617	9621	10120
kláštor	19027	8475	8951
kláštora	21539	7497	7950
km	152363	897	1014
kniha	107402	1337	1488
knihe	69666	2142	2347
knihu	95587	1513	1678
knihy	195782	649	743
knihách	17126	9366	9864
knižky	20553	7862	8327
knižnica	40823	3853	4143
knižnice	53612	2875	3123
knižnici	27654	5847	6219
kníh	79567	1839	2024
koaličnej	16571	9651	10151
koaličných	16618	9620	10119
koalícia	47310	3291	3559
koalície	61454	2452	2674
koalícii	21503	7506	7959
koho	92495	1571	1740
kohút	17050	9410	9908
kola	186772	699	796
kole	171198	785	891
kolega	30499	5313	5656
kolegami	20616	7840	8304
kolegom	21697	7441	7889
kolegov	37370	4253	4557
kolegovia	35491	4501	4812
kolektív	32896	4877	5207
kolektívu	20613	7841	8305
koleno	19298	8370	8846
kolená	36358	4398	4705
kollár	42492	3696	3977
kolo	368929	289	331
kolá	16024	9981	10493
kolách	22354	7217	7656
kombinácia	20787	7767	8231
kombinácii	22845	7064	7499
komenského	32734	4904	5235
komentoval	19242	8401	8877
komentovať	17399	9230	9723
komentár	25886	6233	6626
komisia	136432	1020	1150
komisie	136920	1016	1146
komisii	19646	8223	8695
komisiu	18430	8755	9238
komisár	19770	8163	8633
komora	20528	7871	8336
komory	38918	4068	4365
kompetencie	30427	5326	5669
kompetencií	22092	7299	7742
kompletné	21956	7339	7783
komplex	20473	7887	8352
komu	57019	2681	2913
komunikovať	27235	5925	6301
komunikácia	37457	4237	4540
komunikácie	82219	1780	1963
komunikácii	23695	6823	7247
komunikáciu	34530	4653	4971
komunikácií	16091	9944	10456
komunisti	20856	7740	8204
komunistickej	26386	6117	6501
komunity	37713	4200	4503
komunizmu	24118	6697	7118
komunálnych	16267	9831	10338
komárno	38551	4116	4415
komédia	39165	4032	4329
konajú	20824	7754	8218
konal	42613	3680	3960
konala	33505	4792	5118
konali	34449	4670	4988
konalo	24434	6600	7016
konania	105558	1353	1507
konanie	99085	1455	1618
konaní	61384	2456	2678
konaním	17518	9175	9666
konať	86994	1693	1873
konca	271827	433	493
koncepcia	19536	8276	8749
koncepcie	27140	5947	6324
koncepciu	16807	9543	10042
koncept	21720	7435	7883
koncern	19293	8373	8849
koncernu	18626	8650	9130
koncert	87309	1684	1863
koncerte	20011	8065	8533
koncertov	18625	8652	9132
koncertu	21135	7638	8099
koncerty	28891	5607	5970
konci	152943	894	1010
koncom	197668	642	736
koncu	37814	4191	4494
kone	44082	3548	3825
konečne	173877	768	869
konečnom	45435	3441	3715
konečné	35390	4520	4831
konečný	33844	4747	5070
konferencia	41580	3781	4068
konferencie	74185	1990	2185
konferencii	64643	2308	2523
konferenciu	16957	9463	9962
konflikt	37542	4224	4527
konfliktov	16788	9551	10050
konfliktu	36123	4424	4732
konflikty	17006	9439	9937
kongres	16675	9592	10091
kongresu	18124	8905	9393
koni	18372	8791	9275
koniec	146653	928	1050
konkrétne	115296	1217	1365
konkrétneho	17475	9189	9680
konkrétnej	19462	8306	8781
konkrétny	23447	6877	7305
konkrétnych	35555	4495	4806
konkurencia	25676	6291	6688
konkurencie	16482	9697	10198
konkurencii	29515	5491	5841
konkurenciu	16187	9892	10401
kontakt	71074	2091	2291
kontakte	25705	6282	6678
kontaktu	23050	7005	7438
kontakty	36590	4369	4675
konte	34917	4597	4912
kontexte	45689	3417	3691
konto	26455	6099	6483
kontrakt	29592	5482	5832
kontrola	39453	3998	4294
kontrole	26983	5986	6364
kontrolou	33936	4734	5056
kontrolovať	27213	5929	6306
kontrolu	71675	2071	2271
kontroly	76736	1910	2101
koná	41136	3819	4108
koní	27837	5814	6185
končí	69338	2156	2361
konštatoval	61107	2471	2693
konštatovať	25972	6214	6606
konštatuje	43016	3641	3921
konštrukcie	18674	8625	9105
kop	38068	4159	4461
kope	24724	6533	6943
kopec	16876	9504	10003
kopu	49701	3128	3386
kopírovať	22433	7184	7622
korene	30548	5304	5647
koronavírus	22766	7087	7522
koronavíruse	17662	9108	9598
koronavírusom	20123	8018	8486
koronavírusu	39089	4042	4339
koruna	20419	7905	8371
korunu	19968	8087	8555
koruny	36981	4308	4613
korupcie	22056	7308	7751
korupcii	17072	9394	9892
korún	383102	279	320
kosti	29880	5414	5763
kostol	59870	2538	2763
kostola	61149	2469	2691
kostole	53960	2858	3105
kostí	16427	9732	10235
kouč	25983	6211	6603
kováč	76791	1907	2098
kováča	17726	9083	9573
kováčik	35855	4458	4767
kováčová	17774	9065	9555
kozák	24098	6703	7124
koľko	205082	606	691
koňa	38986	4057	4354
košeľu	16842	9525	10024
košice	354600	310	355
košiciach	148211	916	1038
košickej	27320	5902	6276
košickom	19686	8203	8674
košického	28761	5629	5993
košický	31652	5100	5438
košičania	18867	8544	9020
košíc	72420	2052	2250
kože	27932	5795	6166
koži	24180	6688	7108
kožu	19520	8280	8753
kr	22492	7164	7601
kraj	87166	1690	1870
kraja	119952	1166	1308
kraji	95837	1509	1674
krajina	113089	1246	1395
krajinami	34949	4589	4904
krajine	181680	721	819
krajinou	32324	4970	5304
krajinu	72461	2048	2246
krajiny	339195	329	377
krajinách	142384	967	1092
krajinám	19672	8210	8681
krajov	19246	8398	8874
krajskej	19314	8362	8838
krajská	17840	9037	9527
krajského	50696	3039	3293
krajský	36362	4397	4704
krajských	17519	9173	9664
krajín	253531	477	543
kresla	18911	8519	8995
kresle	16346	9779	10285
kreslo	18057	8938	9427
kresťania	23439	6879	7307
kresťanov	29611	5477	5827
kresťanskej	22952	7027	7462
kresťanské	16375	9756	10262
kresťanských	24569	6574	6987
krista	69025	2164	2369
kristovi	23503	6866	7292
kristus	39325	4010	4307
kristína	25868	6240	6634
kritici	16674	9593	10092
kritické	16642	9604	10103
kritika	30774	5258	5601
kritike	18374	8787	9271
kritiku	24238	6660	7077
kritiky	26177	6163	6550
kritizoval	20868	7739	8203
kritériá	39870	3957	4251
kritérií	25911	6225	6618
kričal	16917	9483	9982
krk	32809	4890	5220
krku	46857	3323	3593
krok	137391	1010	1140
krokom	49563	3138	3396
krokov	36153	4421	4729
kroku	35237	4538	4849
kroky	91651	1589	1759
kruh	16882	9502	10001
kruhu	34859	4608	4923
krv	79416	1843	2028
krvi	91144	1602	1775
krvou	16833	9529	10028
krádež	16188	9890	10399
krádeže	23979	6737	7160
králik	18168	8891	9377
krása	22879	7050	7485
krásna	48504	3200	3462
krásne	94435	1535	1702
krásnej	16876	9505	10004
krásno	20816	7757	8221
krásny	39211	4025	4322
krásu	25639	6298	6695
krásy	34640	4634	4951
krát	30993	5230	5571
krátke	38423	4132	4432
krátkej	19988	8081	8549
krátko	116402	1201	1349
krátkom	40885	3846	4136
krátky	48451	3201	3463
krátkych	17482	9186	9677
kráča	16075	9952	10464
kráčal	24268	6651	7068
kráľ	90193	1623	1798
kráľa	62588	2396	2613
kráľom	16660	9599	10098
kráľov	17259	9305	9802
kráľovnej	18065	8934	9423
kráľovná	25993	6209	6601
kráľovstva	24215	6676	7093
kráľovstvo	23900	6761	7184
krídla	31000	5229	5570
kríza	68712	2171	2376
kríze	34473	4665	4983
krízou	18638	8641	9121
krízu	35532	4498	4809
krízy	92188	1579	1748
kríž	40727	3861	4151
kríža	30522	5308	5651
krížom	18037	8948	9437
ks	31238	5187	5527
kss	27255	5919	6295
ksč	23883	6764	7187
kto	682800	147	170
ktokoľvek	18180	8881	9368
ktorej	677949	148	172
ktorom	437241	244	276
ktorou	126387	1096	1234
ktorá	1848365	58	70
ktoré	3607993	28	38
ktorého	567904	185	213
ktorému	144754	946	1068
ktorí	1392633	70	85
ktorú	724652	138	160
ktorý	3288970	36	46
ktorých	760704	127	147
ktorým	363616	296	338
ktorými	171257	783	889
ktosi	42982	3647	3927
ktovie	34997	4584	4897
ku	471895	223	254
kubín	37489	4232	4535
kuchyne	44752	3493	3770
kuchyni	35638	4484	4795
kultúra	54099	2850	3097
kultúre	30451	5321	5664
kultúrne	68533	2177	2382
kultúrneho	54258	2845	3092
kultúrnej	28918	5602	5964
kultúrnom	24529	6584	6997
kultúrny	34428	4677	4995
kultúrnych	45982	3390	3663
kultúru	43497	3591	3868
kultúry	210953	590	671
kupovať	16949	9470	9969
kupón	24438	6599	7014
kurz	64742	2305	2520
kurzu	28973	5593	5955
kurzy	27624	5851	6223
kus	60070	2528	2753
kusov	43793	3573	3850
kusy	19520	8281	8754
kučera	20124	8017	8485
kvalifikácie	32135	5011	5347
kvalifikácii	22341	7226	7665
kvalita	51070	3014	3268
kvalite	28920	5601	5963
kvalitné	39672	3978	4272
kvalitný	29893	5411	5760
kvalitných	22351	7220	7659
kvalitu	73397	2020	2217
kvality	95133	1521	1686
kvartáli	16466	9705	10207
kvetov	26389	6115	6499
kvety	38687	4096	4394
kvôli	223216	545	623
kw	21565	7488	7940
kyjev	16834	9528	10027
kysucké	21576	7486	7938
kysucou	18104	8915	9403
kysúc	16511	9681	10182
káder	31149	5205	5545
kádra	22980	7021	7455
kádri	20127	8016	8484
kávu	36980	4309	4614
kávy	20805	7762	8226
kód	23272	6933	7363
kôl	22533	7153	7589
kôň	23440	6878	7306
kúpe	18174	8888	9374
kúpele	21287	7583	8041
kúpil	43032	3639	3918
kúpila	21544	7495	7948
kúpili	22367	7212	7651
kúpim	17180	9342	9840
kúpiť	75217	1955	2148
kúpu	27237	5923	6299
kúsky	24962	6472	6878
kúsok	61145	2470	2692
kúte	16591	9634	10134
kým	562558	187	215
kč	25341	6367	6767
kľúč	31178	5200	5540
kľúče	16941	9471	9970
kľúčové	37636	4213	4516
kľúčových	29607	5478	5828
kňaz	49598	3135	3393
kňaza	27795	5820	6191
kňazi	23298	6925	7355
kňazov	35620	4485	4796
l	178550	740	839
la	71991	2063	2263
lacko	18874	8539	9015
lacnejšie	27540	5862	6234
lacné	16091	9945	10457
laco	18533	8707	9190
ladislav	96213	1505	1670
ladislava	26243	6147	6534
lady	24910	6489	6895
laura	18475	8738	9221
lavičke	31043	5225	5566
le	37744	4198	4501
league	20374	7922	8388
lebo	959024	103	122
ledva	21743	7426	7874
legenda	23780	6796	7219
legendy	19009	8485	8961
legislatíva	16727	9573	10072
legislatívy	26538	6077	6460
lehota	45825	3411	3685
lehote	21334	7571	8029
lehoty	21605	7474	7926
lekár	84795	1723	1905
lekára	51788	2975	3228
lekáreň	35374	4523	4834
lekári	70210	2122	2325
lekárom	24480	6593	7008
lekárov	59244	2569	2797
lekárskej	20976	7695	8159
len	3247608	37	47
lenka	32107	5017	5353
lenže	169794	796	902
lepšia	25213	6395	6797
lepšie	356333	304	349
lepšiemu	16886	9501	10000
lepšiu	25038	6446	6849
lepší	85169	1715	1897
lepším	24118	6698	7119
les	31703	5090	5428
lesa	40924	3839	4129
lese	30687	5279	5622
lesov	28907	5605	5967
lesy	28687	5641	6005
let	29775	5441	5791
leta	48895	3178	3437
lete	88381	1657	1834
leteckej	21335	7569	8027
letiska	25330	6369	6769
letisko	30461	5316	5659
letisku	32749	4901	5231
letnej	28586	5659	6024
letné	29232	5547	5904
letný	18148	8897	9385
letných	29849	5424	5774
leto	59487	2559	2785
lev	22216	7266	7707
levice	55251	2782	3021
levoča	16738	9568	10067
ležal	31964	5040	5377
ležala	23132	6983	7415
ležať	19735	8181	8651
leží	53438	2882	3130
libier	28537	5673	6038
licencie	19596	8248	8720
licenciu	15993	9997	10509
liek	26427	6103	6487
liekov	40219	3913	4207
lieky	48253	3214	3477
lietadiel	27871	5810	6181
lietadla	34838	4611	4926
lietadlo	41803	3765	4049
lietadlá	23730	6815	7238
liečba	23354	6908	7336
liečbe	18285	8842	9328
liečbu	27617	5853	6225
liečby	23735	6813	7236
liečiť	17883	9013	9503
liga	193728	657	751
lige	93373	1551	1718
ligu	31453	5139	5479
ligy	202252	620	709
limit	23603	6843	7268
limity	16218	9865	10373
linka	16228	9859	10367
linku	19086	8454	8930
linky	30457	5320	5663
liptovskom	33319	4817	5144
liptovského	19306	8366	8842
liptovský	47384	3286	3554
lipšic	19207	8414	8890
list	127642	1085	1222
liste	37970	4173	4475
listiny	23948	6753	7176
listom	19353	8344	8819
listov	34975	4585	4898
listu	30268	5350	5696
listy	64291	2326	2541
liter	20610	7843	8307
literatúra	42879	3653	3933
literatúre	37615	4216	4519
literatúru	28565	5667	6032
literatúry	97916	1475	1639
literárne	25270	6378	6779
literárneho	23573	6852	7278
literárnej	29624	5473	5823
literárny	21818	7397	7844
literárnych	20269	7965	8432
litrov	26344	6124	6509
liverpool	19459	8308	8783
lode	48750	3185	3445
lodi	19380	8335	8810
lodí	16339	9784	10290
logicky	18995	8488	8964
logické	16220	9864	10372
lokalite	27015	5978	6355
lokality	22710	7107	7543
lokomotíva	21772	7414	7861
londýn	45441	3439	3713
londýna	27590	5857	6229
londýne	48907	3174	3433
lopta	28279	5722	6091
loptu	88481	1655	1832
lopty	23757	6803	7226
los	48713	3190	3450
louis	26976	5993	6371
loď	50473	3054	3310
lucia	57285	2671	2903
lukáč	24610	6561	6973
lukáš	66718	2237	2448
lumen	17543	9160	9651
lučenec	43839	3571	3848
lyžiach	17709	9089	9579
láska	125150	1107	1245
láske	60369	2510	2733
láskou	88848	1645	1821
lásku	83895	1745	1927
lásky	137943	1005	1135
látky	61625	2443	2664
látok	50135	3087	3345
líder	47900	3244	3509
lídra	37052	4296	4601
lídri	24484	6592	7007
lídrom	27034	5972	6349
lídrov	22845	7065	7500
línie	17893	9011	9501
lístkov	20022	8060	8528
lístky	37556	4222	4525
lístok	40270	3909	4202
lúky	18433	8753	9236
m	336288	334	382
ma	1193709	85	100
madrid	39039	4050	4347
magazín	32458	4946	5279
magdaléna	16209	9872	10381
magistrát	16971	9460	9959
magistrátu	16195	9884	10393
majetkom	24271	6649	7066
majetku	133623	1040	1174
majetok	83923	1744	1926
majitelia	35560	4494	4805
majiteľ	65285	2283	2496
majiteľa	31861	5062	5399
majiteľom	26586	6064	6446
majiteľov	26473	6095	6478
majster	70964	2093	2293
majstra	60667	2490	2713
majstri	17514	9176	9667
majstrom	27683	5842	6214
majstrov	81320	1801	1985
majstrovstiev	47809	3250	3517
majstrovstvá	72821	2036	2233
majstrovstvách	60021	2530	2755
majú	1041143	96	113
mal	1369514	73	88
mala	771672	124	144
malacky	29671	5463	5813
malej	63235	2366	2581
mali	1202269	83	98
maliar	17829	9042	9532
malo	338895	330	378
malom	36205	4416	4724
malá	88950	1641	1817
malé	157848	858	972
malého	52178	2952	3204
malí	16968	9461	9960
malú	47527	3271	3538
malý	130799	1060	1195
malých	88151	1664	1842
malým	32971	4863	5193
malými	18224	8862	9348
mama	154945	878	992
mame	23293	6927	7357
mamička	23042	7010	7443
mamou	18660	8630	9110
mamu	24262	6654	7071
mamy	27532	5864	6236
manažment	28590	5658	6023
manažmentu	28243	5731	6101
manažér	67178	2218	2427
manažéra	19728	8182	8652
manažérov	19436	8318	8793
manchester	24791	6517	6927
mandát	18522	8710	9193
manžel	73599	2011	2208
manžela	47863	3249	3515
manželia	24675	6544	6955
manželka	89838	1626	1801
manželke	16423	9736	10239
manželkou	42250	3718	4000
manželku	30860	5248	5589
manželky	31690	5094	5432
manželom	30865	5246	5587
manželov	19959	8092	8560
manželstva	30728	5269	5612
manželstvo	34252	4701	5022
mapy	20628	7835	8299
mar	33010	4857	5187
marca	219925	563	642
marcel	34961	4586	4900
marcela	17612	9135	9625
marci	63951	2340	2555
marec	31256	5179	5519
marek	146182	933	1055
mareka	17264	9303	9800
margo	31398	5152	5492
maria	24601	6564	6976
marián	136416	1021	1151
mariána	23049	7006	7439
mark	23352	6909	7337
marka	17269	9300	9797
marketing	25460	6334	6734
marketingu	21673	7452	7903
marko	21718	7436	7884
markíza	49189	3155	3414
maroš	26756	6034	6416
marta	33909	4738	5060
martin	428122	248	280
martina	139525	993	1122
martine	61218	2462	2684
martinom	17282	9291	9787
mary	26338	6127	6512
maslo	17035	9421	9919
matej	60975	2477	2699
mateja	16071	9956	10469
matematiky	17038	9419	9917
materiál	76710	1911	2102
materiálov	48899	3175	3434
materiálu	57861	2643	2874
materiály	40327	3902	4193
materskej	40599	3880	4170
materských	19708	8192	8662
matice	22395	7197	7635
matka	144813	944	1066
matke	31270	5175	5515
matkou	30002	5394	5741
matku	40744	3860	4150
matky	74118	1993	2188
matovič	30310	5339	5684
matúš	57291	2669	2901
max	28008	5776	6147
maximum	37078	4292	4597
maximálne	62407	2408	2626
maďari	22033	7316	7759
maďarov	20382	7919	8385
maďarska	51627	2980	3234
maďarskej	55217	2787	3027
maďarsko	54098	2851	3098
maďarskom	23454	6875	7303
maďarsku	58398	2609	2837
maďarská	25063	6432	6835
maďarské	17794	9058	9548
maďarského	27180	5936	6313
maďarský	29940	5402	5750
maďarských	22419	7191	7629
mať	750606	130	150
me	71658	2074	2274
mechanizmus	21417	7536	7991
medailu	40716	3864	4154
medaily	38851	4076	4373
medailí	19436	8319	8794
media	18287	8838	9324
medicíny	17519	9174	9665
medveď	20721	7792	8256
medzi	1590725	65	79
medzinárodnej	84231	1735	1917
medzinárodnom	27422	5883	6256
medzinárodná	38566	4114	4413
medzinárodné	56134	2738	2972
medzinárodného	75897	1936	2128
medzinárodnú	20058	8042	8510
medzinárodný	60699	2488	2711
medzinárodných	64403	2317	2532
medziročne	40110	3926	4220
medzitým	51801	2973	3226
medzičasom	18564	8683	9164
mena	48845	3181	3441
mene	69571	2146	2351
menej	342658	320	366
menia	27631	5850	6222
meniť	51082	3012	3266
meno	247618	487	554
menom	68017	2195	2402
menovej	16721	9574	10073
menu	36652	4363	4668
meny	29192	5554	5912
mená	75093	1961	2155
mení	72128	2057	2257
menšia	17059	9403	9901
menšie	58270	2620	2849
menšiny	26765	6031	6413
menší	33061	4851	5181
menších	31536	5126	5466
menšín	21853	7385	7830
merania	17979	8964	9454
meranie	16862	9511	10010
mesačne	53715	2868	3116
mesačný	16373	9757	10263
mesiac	163657	826	936
mesiaca	66586	2240	2451
mesiace	120946	1157	1298
mesiaci	42267	3716	3998
mesiacmi	21925	7356	7801
mesiacoch	80895	1813	1997
mesiacom	20832	7752	8216
mesiacov	188396	691	788
mesta	579967	179	207
meste	304084	377	428
mestečku	16519	9677	10178
mesto	465312	230	261
mestom	57736	2652	2883
mestskej	108198	1323	1474
mestskom	34062	4722	5044
mestská	49785	3117	3375
mestské	53785	2865	3112
mestského	101571	1416	1573
mestskí	16173	9901	10410
mestský	37639	4212	4515
mestských	49467	3142	3400
mestu	37074	4293	4598
mestá	57689	2655	2886
mestách	66235	2253	2466
meter	26375	6120	6504
metoda	25512	6322	6721
metra	28147	5750	6120
metre	19285	8380	8856
metropole	21909	7365	7810
metropoly	18820	8570	9046
metrov	171522	780	885
metód	21461	7520	7974
metóda	25085	6425	6828
metódou	16678	9589	10088
metódy	52944	2905	3155
mečiar	48207	3220	3483
mečiara	27091	5959	6336
mf	18254	8851	9337
mfk	63817	2343	2558
mfs	16950	9468	9968
mg	16394	9745	10251
mhd	22103	7295	7738
mi	1751022	61	73
michael	49463	3143	3401
michaela	38596	4108	4406
michal	217796	570	649
michala	44239	3533	3810
michalovce	64537	2313	2528
michalovciach	16710	9578	10077
microsoft	23333	6917	7346
mien	32237	4989	5323
mienky	28396	5707	6074
mier	43682	3582	3859
miera	45828	3409	3683
miere	78145	1869	2058
mieri	17065	9399	9897
mieril	16245	9852	10360
mierne	88950	1642	1818
mierny	16004	9992	10504
mierou	32699	4910	5241
mieru	78736	1858	2045
miery	98614	1465	1628
miest	223032	547	625
miesta	241977	495	564
miestach	94986	1523	1689
miestami	33713	4768	5092
mieste	360372	299	343
miestne	36506	4380	4686
miestneho	40657	3871	4161
miestnej	45119	3467	3742
miestni	22934	7034	7469
miestnosti	100516	1438	1598
miestnosť	31270	5176	5516
miestny	27046	5969	6346
miestnych	57925	2637	2867
miesto	637497	154	180
miestom	47045	3310	3579
miezd	22052	7312	7755
migrantov	17180	9343	9841
mihálik	17684	9099	9589
mikloš	23403	6892	7320
mikula	17030	9424	9922
mikuláš	131615	1053	1187
mikuláša	49843	3110	3368
mikuláši	30723	5270	5613
mikuš	17658	9111	9601
milan	201600	625	714
milana	46169	3373	3645
miliardy	161213	838	952
miliárd	103036	1394	1550
milión	48444	3202	3464
milióna	200726	628	718
miliónov	372562	285	327
milióny	77945	1878	2067
milo	23566	6854	7280
milosrdenstva	18373	8789	9273
milosti	24227	6669	7086
milosť	32271	4982	5316
miloval	20071	8040	8508
milovať	28669	5648	6012
miloš	46568	3348	3619
miluje	29475	5500	5850
milujem	26862	6017	6397
milá	25747	6271	6667
miláno	28438	5693	6058
milé	23078	6995	7428
milí	18193	8875	9361
milý	34009	4726	5048
mimo	170170	795	901
mimochodom	48899	3176	3435
mimoriadne	140717	982	1109
mimoriadny	17192	9338	9836
min	280811	417	473
mince	19497	8292	8765
minimum	26339	6125	6510
minimálna	16244	9853	10361
minimálne	131479	1055	1190
minimálnej	18541	8703	9185
minister	266722	443	506
ministerka	30569	5300	5643
ministerstva	205030	607	692
ministerstve	31598	5113	5453
ministerstvo	248866	485	552
ministerstvom	24089	6705	7126
ministra	125042	1110	1248
ministri	29275	5535	5892
ministrom	36686	4358	4663
ministrov	31860	5063	5400
ministrovi	17035	9422	9920
minul	16420	9737	10240
minulej	28457	5690	6055
minulom	76006	1933	2124
minulosti	236844	510	579
minulosť	37302	4261	4566
minulosťou	21856	7378	7823
minulého	170991	788	894
minulú	16214	9869	10378
minulý	206103	603	688
minulých	32917	4873	5203
minút	269367	436	499
minútach	36682	4360	4665
minúte	174835	762	863
minútu	40633	3874	4164
minúty	100190	1442	1602
miriam	17336	9260	9754
miro	24611	6560	6972
miroslav	162518	831	944
miroslava	40246	3912	4205
misie	27689	5839	6211
miss	18344	8810	9295
mix	16693	9585	10084
mk	24688	6542	6953
ml	20474	7886	8351
mladej	31647	5102	5440
mladosti	27919	5801	6172
mladosť	25140	6410	6813
mladá	61886	2430	2651
mladé	49998	3098	3356
mladého	45564	3427	3701
mladí	109961	1298	1447
mladík	28230	5734	6104
mladý	111402	1270	1419
mladých	178551	739	838
mladým	36257	4411	4719
mladými	17373	9244	9738
mladšie	16531	9671	10172
mladší	60792	2482	2704
mladších	28654	5651	6015
mld	19130	8442	8918
mlieka	36111	4428	4736
mlieko	32724	4907	5238
mládež	70035	2129	2332
mládeže	74215	1988	2183
mlčal	16202	9880	10389
mlčky	28811	5618	5981
mm	40916	3842	4132
mmf	22987	7019	7453
mne	273399	431	491
mnoho	140452	986	1114
mnohokrát	18417	8765	9248
mnohé	141639	973	1099
mnohí	177669	746	845
mnohých	201832	622	711
mnohým	33453	4801	5127
mnohými	30072	5379	5725
mnou	159234	850	964
množstva	44829	3484	3761
množstve	22416	7192	7630
množstvo	245714	490	558
množstvom	37022	4302	4607
mníchov	24108	6702	7123
mo	26461	6098	6482
mobil	35856	4457	4766
mobilný	16194	9886	10395
mobilných	20683	7804	8268
moc	104114	1371	1526
moci	117814	1185	1329
mocou	16871	9507	10006
model	82139	1782	1965
modelov	22368	7210	7649
modelu	35054	4574	4887
modely	30611	5288	5631
modernej	30316	5338	5683
moderné	31023	5226	5567
moderného	21722	7434	7882
moderný	18199	8871	9357
moderných	20891	7727	8191
moderátor	18428	8758	9241
modlitba	29255	5541	5898
modlitbe	20313	7953	8419
modlitbu	16778	9556	10055
modlitby	32659	4916	5248
modliť	18958	8506	8982
modrej	20364	7927	8393
modré	22195	7271	7712
mohla	253892	474	540
mohli	542345	197	225
mohlo	192880	666	762
mohol	471870	224	255
moja	211229	586	667
moje	211203	587	668
mojej	121378	1150	1290
moji	44066	3550	3827
mojich	76765	1909	2100
mojim	16900	9496	9995
mojom	58674	2599	2827
mojou	37416	4242	4545
moju	68661	2173	2378
mojím	50092	3091	3349
molnár	24180	6689	7109
moment	45641	3423	3697
momente	32634	4917	5249
momenty	17436	9216	9708
momentálne	146250	932	1054
monika	43334	3606	3883
mora	48594	3196	3458
moravce	26826	6024	6405
moravy	16014	9983	10495
moravčík	21163	7633	8094
more	48415	3204	3466
mori	39307	4012	4309
morálne	24950	6476	6882
moskva	64040	2336	2551
moskve	39710	3974	4268
moskvy	26529	6081	6464
most	55180	2791	3031
mosta	25885	6234	6627
motivácia	16439	9725	10228
motiváciu	16818	9539	10038
motor	34480	4662	4980
motorových	17804	9054	9544
motív	25733	6273	6669
motívy	21547	7494	7947
mozgu	42065	3737	4021
mozog	26858	6019	6399
možno	994111	100	117
možnosti	188299	693	790
možnostiach	17621	9128	9618
možností	77285	1895	2086
možnosť	377745	284	326
možnosťou	36951	4313	4618
možná	21526	7500	7953
možné	390914	274	315
možný	28615	5656	6020
možných	29630	5470	5820
mp	42988	3645	3925
mrzí	39369	4005	4301
mráz	29436	5505	5856
ms	158148	856	970
mt	18878	8534	9010
mu	1908749	57	69
mucha	17326	9268	9762
musel	235186	513	583
musela	109585	1303	1453
museli	214570	576	655
muselo	41746	3772	4057
musia	259220	462	526
music	17553	9159	9649
musieť	167565	810	918
musí	576346	182	210
musím	168690	804	912
musíme	214374	578	657
musíte	69466	2150	2355
musíš	37895	4179	4481
muž	253961	473	539
muža	141752	972	1098
muži	182995	717	815
mužmi	21838	7388	7833
mužom	47763	3254	3521
mužov	178600	738	837
mužovi	32809	4891	5221
mužstiev	28020	5772	6143
mužstva	78478	1865	2053
mužstve	22072	7304	7747
mužstvo	124492	1117	1256
mužstvom	23596	6846	7271
mužstvu	18676	8623	9103
mužstvá	44531	3510	3787
my	495216	212	243
myjava	30571	5299	5642
myseľ	29214	5551	5908
mysle	21375	7555	8012
myslel	93818	1541	1708
myslela	49251	3154	3413
mysleli	38052	4160	4462
myslenia	36566	4373	4679
myslenie	28676	5645	6009
mysli	56055	2744	2979
myslia	45420	3442	3717
myslieť	60398	2507	2730
myslí	135530	1027	1158
myslím	302627	380	431
myslíme	21737	7429	7877
myslíte	56700	2701	2933
myslíš	44523	3512	3789
myšlienka	57062	2678	2910
myšlienkou	24202	6678	7097
myšlienku	38050	4161	4463
myšlienky	91968	1582	1751
myšlienok	31326	5169	5509
mz	16820	9537	10036
mzda	22001	7328	7771
mzdy	63808	2344	2559
má	2333690	47	57
máj	58584	2604	2832
mája	231006	523	596
máji	66351	2247	2458
mála	18793	8579	9055
málo	191338	672	768
málokedy	16685	9587	10086
málokto	26923	6001	6381
mám	504844	208	238
máme	451779	240	272
mária	157399	861	975
márie	69040	2163	2368
márii	17391	9233	9726
mário	19315	8361	8837
márne	35342	4528	4839
máte	222004	551	630
máš	115520	1212	1360
mäsa	39405	4002	4298
mäso	46850	3324	3594
médiá	104319	1366	1520
médiách	40364	3897	4188
médií	82725	1767	1950
môcť	160276	842	956
môj	297461	390	442
môjho	120124	1162	1304
môjmu	19443	8314	8789
môže	1219624	80	95
môžem	148105	918	1040
môžeme	279761	421	477
môžete	248761	486	553
môžeš	47868	3247	3513
môžu	619703	162	188
múdrosť	18679	8621	9101
múr	20646	7821	8285
múzea	67800	2201	2409
múzeu	33605	4781	5105
múzeum	74823	1969	2164
mňa	579811	180	208
mŕtveho	20433	7902	8368
mŕtvy	31701	5091	5429
mŕtvych	45085	3472	3747
mš	35418	4512	4823
mšk	51947	2964	3216
n	175099	759	860
na	30503763	4	6
nabok	17339	9258	9752
nabudúce	16260	9837	10344
nachádza	132563	1048	1182
nachádzajú	53031	2898	3148
nachádzame	20340	7940	8406
nad	1062373	93	109
nadol	20318	7949	8415
nadviazať	17444	9208	9700
nadácia	22575	7141	7578
nadácie	26833	6023	6404
nadšenie	17691	9096	9586
nafty	16140	9916	10426
nagy	37458	4236	4539
nahlas	42850	3658	3938
nahor	28776	5626	5990
nahradil	21454	7523	7977
nahradiť	38096	4155	4457
nahradí	17869	9021	9511
najavo	52755	2921	3171
najbližšie	51673	2978	3232
najbližšom	27102	5955	6332
najbližší	24218	6674	7091
najbližších	68139	2190	2396
najdlhšie	17304	9279	9774
najdôležitejšie	43036	3637	3916
najhoršie	43428	3599	3876
najkrajšie	24320	6631	7047
najlepšej	18369	8795	9279
najlepšia	33698	4771	5095
najlepšie	239778	504	573
najlepšieho	37579	4220	4523
najlepšiu	26248	6145	6532
najlepší	162754	830	942
najlepších	83078	1763	1945
najlepším	60151	2525	2749
najmenej	137179	1012	1142
najmenší	16194	9887	10396
najmenších	17022	9431	9929
najmä	899036	112	131
najneskôr	36784	4333	4638
najnovšie	42089	3735	4018
najprv	203759	613	699
najradšej	52147	2955	3207
najrýchlejšie	25676	6292	6689
najskôr	154571	882	996
najstarší	21401	7543	7999
najviac	408393	258	296
najvyššej	71666	2073	2273
najvyššia	26819	6025	6406
najvyššie	52384	2941	3192
najvyššieho	39299	4014	4311
najvyššiu	30850	5249	5590
najvyšší	86082	1706	1888
najvyšších	20901	7720	8184
najvyšším	17257	9307	9804
najväčšej	32630	4918	5250
najväčšia	45558	3428	3702
najväčšie	78038	1874	2063
najväčšieho	26981	5988	6366
najväčšiu	47921	3241	3506
najväčšou	52876	2913	3163
najväčší	123471	1129	1268
najväčších	61806	2434	2655
najväčším	74466	1980	2175
najčastejšie	81357	1800	1984
nakoniec	281327	416	472
nakoľko	58750	2594	2822
nakupovať	16159	9910	10419
nami	178050	743	842
namiesto	186165	700	797
nanajvýš	20439	7899	8364
nanovo	18302	8832	9317
naopak	262251	450	513
naozaj	452749	238	270
napadlo	25136	6414	6817
napadol	17108	9374	9873
naplniť	20776	7772	8236
naplno	66818	2234	2444
naplánované	16854	9517	10016
napokon	345742	315	361
naposledy	96020	1508	1673
napriek	551834	193	221
naproti	21098	7650	8112
napríklad	837766	114	133
napätia	25015	6459	6863
napätie	46343	3361	3632
napísal	134428	1031	1164
napísala	37527	4229	4532
napísali	23201	6960	7390
napísané	29650	5467	5817
napísať	39186	4030	4327
naraz	47474	3278	3545
narazil	23258	6944	7374
nariadenia	29158	5559	5918
nariadenie	27206	5931	6308
nariadil	21400	7545	8001
narodenia	47019	3313	3582
narodeniny	35473	4505	4816
narodení	21422	7534	7989
narodil	90880	1607	1781
narodila	36780	4336	4641
nasledoval	22145	7288	7731
nasledovala	21601	7477	7929
nasledovali	22873	7054	7489
nasledovať	31929	5048	5385
nasledovné	17098	9382	9880
nasleduje	34343	4689	5009
nasledujúce	32920	4872	5202
nasledujúci	24280	6646	7063
nasledujúcich	58434	2607	2835
nasledujúcom	22589	7138	7574
naspäť	43863	3567	3844
nastal	37528	4228	4531
nastala	22687	7111	7547
nastane	18608	8663	9143
nastúpi	20004	8074	8542
nastúpil	49908	3104	3362
nastúpili	37869	4181	4483
nastúpiť	28267	5724	6093
nateraz	18397	8777	9261
nato	149805	904	1024
natoľko	57733	2653	2884
natália	18821	8569	9045
naučil	32720	4908	5239
naučila	16668	9598	10097
naučili	22970	7023	7457
naučiť	45011	3477	3752
naveky	16326	9793	10299
navonok	23039	7011	7444
navrhla	21465	7517	7971
navrhol	49049	3165	3424
navrhuje	34349	4688	5008
navyše	299527	386	437
navzájom	72661	2042	2240
navštívil	40012	3937	4231
navštívili	26700	6042	6424
navštíviť	39706	3975	4269
navždy	81817	1790	1974
naznačil	33883	4741	5064
naznačuje	34224	4704	5025
naznačujú	18644	8637	9117
nazval	25138	6411	6814
nazvať	21282	7588	8046
nazýva	29809	5431	5781
načo	52140	2956	3208
naďalej	208586	597	679
naň	72448	2049	2247
naňho	122042	1142	1282
naša	189400	683	780
naše	323927	353	403
našej	319388	360	410
naši	125033	1111	1249
našich	324182	352	402
našiel	125720	1101	1239
našim	56943	2686	2918
našimi	33019	4856	5186
našla	61581	2446	2668
našli	146164	934	1056
našlo	18160	8895	9383
našom	144132	951	1074
našou	48083	3229	3493
našu	115038	1221	1370
naším	60063	2529	2754
našťastie	73400	2019	2216
naživo	16631	9612	10111
nba	19670	8213	8684
nbs	31598	5114	5454
nbsp	32235	4990	5324
ne	178370	741	840
neba	38668	4099	4397
nebezpečenstvo	39686	3977	4271
nebezpečné	41551	3786	4073
nebezpečný	22154	7285	7727
nebi	22049	7313	7756
nebo	35356	4526	4837
neboj	16708	9579	10078
nebol	332784	338	388
nebola	214128	580	659
neboli	198532	636	729
nebolo	343089	319	365
nebude	380466	281	323
nebudem	70580	2110	2312
nebudeme	47974	3236	3501
nebudete	21905	7367	7812
nebudú	136951	1015	1145
nebyť	22636	7121	7557
necelých	27151	5944	6321
nech	297783	388	440
nechajte	20305	7956	8422
nechal	72670	2041	2239
nechala	32094	5020	5356
nechali	40518	3890	4180
nechať	64269	2328	2543
nechce	114337	1232	1381
nechcel	102666	1400	1557
nechcela	47520	3272	3539
nechceli	40300	3905	4197
nechcelo	18964	8502	8978
nechcem	90201	1622	1797
nechceme	30016	5389	5736
nechcú	46605	3346	3617
nechá	18586	8676	9156
necháme	22950	7029	7464
nechápem	17737	9080	9570
nechýba	23725	6816	7239
nechýbali	16207	9874	10383
nedajú	26729	6039	6421
nedal	46682	3341	3612
nedala	19349	8347	8822
nedali	28683	5643	6007
nedalo	40148	3922	4216
nedarilo	24229	6666	7083
nedarí	20824	7755	8219
nedele	29289	5534	5889
nedeľa	95192	1520	1685
nedeľu	220688	558	637
nedokázal	36533	4377	4683
nedokázala	20958	7704	8168
nedokázali	42526	3688	3968
nedokáže	35567	4492	4803
nedokážu	20640	7827	8291
nedostal	34763	4618	4934
nedostali	36273	4409	4717
nedostane	18804	8574	9050
nedostatkom	20200	7984	8452
nedostatku	23972	6741	7164
nedostatky	36763	4340	4645
nedostatok	78929	1853	2040
nedošlo	32677	4912	5243
nedá	169677	797	903
nedávno	136658	1017	1147
neexistuje	62066	2422	2642
neexistujú	16166	9904	10413
negatívne	64281	2327	2542
negatívny	32426	4950	5283
nehnuteľnosti	37676	4207	4510
nehnuteľností	40321	3903	4194
neho	627423	161	187
nehoda	19203	8415	8891
nehode	31092	5215	5556
nehody	35145	4553	4864
nehovoriac	22943	7031	7466
nehovorí	23455	6874	7302
nehrozí	17570	9153	9643
nehôd	18180	8882	9369
nej	760733	126	146
nejakej	43785	3574	3851
nejako	58425	2608	2836
nejakom	21067	7662	8124
nejaká	47553	3268	3535
nejaké	154700	880	994
nejakého	39773	3968	4262
nejakú	77181	1898	2089
nejaký	153354	892	1008
nejakých	22963	7025	7460
nejakým	34439	4673	4991
nejde	110688	1283	1432
nemajú	185849	703	800
nemal	230358	526	599
nemala	118930	1174	1317
nemali	199362	631	724
nemalo	53571	2877	3125
nemci	43132	3622	3900
nemcov	22559	7146	7582
nemec	34452	4669	4987
nemecka	72462	2047	2245
nemeckej	51366	2994	3248
nemecko	94702	1530	1697
nemeckom	38688	4095	4393
nemecku	94923	1525	1692
nemecká	40888	3845	4135
nemecké	28512	5679	6044
nemeckého	47062	3308	3577
nemecký	64400	2318	2533
nemeckých	34740	4623	4940
nemení	19296	8372	8848
nemocnica	40300	3906	4198
nemocnice	143122	959	1084
nemocnici	87831	1675	1853
nemocniciach	19462	8307	8782
nemocníc	31995	5034	5370
nemohla	68586	2175	2380
nemohli	80019	1829	2013
nemohlo	21825	7395	7842
nemohol	131647	1052	1186
nemožno	103290	1389	1545
nemožné	31842	5066	5403
nemu	183496	713	811
nemusel	33970	4730	5052
nemusela	17070	9395	9893
nemuseli	32470	4944	5277
nemusia	48199	3221	3484
nemusí	110412	1291	1440
nemusím	16447	9720	10222
nemusíme	17669	9105	9595
nemusíte	24440	6598	7013
nemyslím	38080	4156	4458
nemá	391712	273	314
nemám	133790	1035	1169
nemáme	89986	1625	1800
nemáte	37842	4187	4490
nemáš	21942	7344	7788
nemôže	246885	488	556
nemôžem	99678	1450	1611
nemôžeme	72890	2035	2232
nemôžete	23737	6812	7235
nemôžeš	16466	9706	10208
nemôžu	85314	1713	1895
nenašiel	25174	6400	6803
nenašli	26036	6200	6592
nenápadne	16264	9834	10341
nenávisti	18066	8933	9422
nenávisť	23199	6961	7391
nepatrí	28885	5608	5972
neplatí	28108	5759	6129
nepochybne	42123	3731	4014
nepodarilo	93514	1549	1716
nepodarí	22257	7253	7692
neposlednom	18357	8802	9286
nepotrebuje	21045	7666	8129
nepovedal	43178	3620	3898
nepovedala	17609	9137	9627
nepoznal	18950	8508	8984
nepozná	26394	6114	6498
nepoznám	18810	8573	9049
nepočul	21672	7453	7904
nepriamo	22196	7270	7711
nepriateľa	18113	8909	9397
nepriateľov	17741	9075	9565
neprišiel	28077	5762	6132
neprišli	17195	9336	9834
nepríde	20105	8022	8490
nepríjemné	27853	5812	6183
nepáči	28988	5591	5953
nepôjde	18860	8550	9026
neraz	71262	2085	2285
nerobí	25009	6463	6867
nerozumiem	16554	9661	10161
nervy	26809	6027	6409
nervózne	17287	9288	9784
nerád	18844	8554	9031
neschopnosť	17149	9353	9851
nesie	40368	3896	4187
neskoro	58025	2632	2861
neskoršie	20353	7934	8400
neskorších	29333	5528	5881
neskôr	447071	241	273
nesmie	66917	2230	2440
nesmieme	17827	9043	9533
nesmierne	53946	2861	3108
nesmú	22612	7132	7568
nespokojnosť	17947	8981	9471
nesprávne	30046	5385	5731
nestalo	52860	2915	3165
nestane	20450	7896	8361
nestačilo	17826	9044	9534
nestačí	37752	4197	4500
nestojí	16073	9955	10467
nesúhlasí	17582	9148	9638
netreba	76664	1914	2105
netušil	20134	8013	8481
neurobil	20971	7697	8161
neustále	109345	1307	1457
neuveriteľne	21906	7366	7811
neuveriteľné	22063	7307	7750
nevedel	123759	1124	1263
nevedela	60155	2524	2748
nevedeli	58967	2580	2808
nevedia	65709	2269	2482
neveril	16258	9840	10347
neverím	16485	9694	10195
nevidel	62493	2399	2616
nevidela	24859	6503	6910
nevideli	27939	5790	6161
nevidí	28337	5718	6086
nevidím	24188	6684	7103
nevie	132180	1051	1185
neviem	274010	430	490
nevieme	52339	2943	3195
neviete	29039	5584	5946
nevieš	19895	8116	8585
nevyhnutne	24495	6588	7003
nevyhnutné	60180	2520	2743
nevyužili	18890	8533	9009
nevyšiel	16990	9447	9945
new	174443	765	866
news	20101	8025	8493
nezamestnanosti	55956	2751	2986
nezamestnanosť	35568	4491	4802
nezamestnaných	28569	5664	6029
nezaujíma	18166	8892	9378
nezmenilo	16271	9827	10334
nezmení	17895	9009	9499
neznamená	56194	2731	2965
neznáme	16122	9927	10438
neznámeho	17507	9177	9668
neznámy	43459	3595	3872
nezáleží	23581	6849	7275
nezávislosti	21378	7554	8011
nezávislosť	24541	6579	6992
nezávislý	31537	5125	5465
nezávislých	17168	9348	9846
nečakal	19267	8389	8865
nečakane	39941	3945	4239
neďaleko	74543	1975	2170
nešlo	42313	3711	3993
nešťastie	19573	8262	8734
než	454580	236	268
nhl	101197	1427	1587
nich	975465	101	118
nie	3322383	35	45
niekam	27655	5846	6218
niekde	104143	1369	1524
niekedy	287366	406	460
niekoho	99751	1449	1610
niekomu	48719	3188	3448
niekoľko	575154	184	212
niekoľkokrát	49934	3101	3359
niekoľkých	126907	1091	1229
niekoľkými	62753	2385	2602
niekto	341829	323	370
niektorej	17366	9247	9741
niektoré	309998	371	422
niektorí	190661	676	772
niektorý	20773	7774	8238
niektorých	259789	457	521
niektorým	31566	5122	5462
niektorými	18112	8910	9399
niekým	22844	7066	7501
nielen	561030	190	218
nielenže	34127	4714	5036
niesol	24317	6633	7049
niesť	18800	8577	9053
niet	96214	1504	1669
niečo	782625	121	141
niečoho	23958	6750	7173
niečom	31945	5045	5382
niečím	33079	4850	5180
nijako	46093	3382	3654
nijaká	20969	7698	8162
nijaké	59986	2532	2757
nijakú	22259	7251	7690
nijaký	46302	3364	3635
nik	89570	1631	1807
nikam	18653	8634	9114
nikde	43851	3569	3846
nikdy	576913	181	209
nikoho	81767	1791	1975
nikomu	59647	2551	2777
nikto	327357	350	400
nikým	17094	9387	9885
nim	118236	1180	1323
nimi	362956	298	341
nina	16754	9563	10062
nitra	236862	509	578
nitre	112163	1258	1407
nitrianskeho	22445	7179	7617
nitrianskej	17306	9278	9773
nitriansky	21776	7411	7858
nitry	68499	2178	2383
nič	905445	111	130
ničoho	29577	5485	5835
ničom	22807	7077	7512
ničím	33957	4731	5053
nižšej	16056	9964	10476
nižšia	26036	6201	6593
nižšie	66256	2251	2464
nižší	27591	5856	6228
nižších	18227	8859	9345
no	1465149	69	83
noc	155112	876	990
noci	220660	559	638
nohami	42279	3714	3996
nohavice	23653	6830	7254
nohou	18231	8857	9343
nohu	34142	4712	5034
nohy	128411	1081	1218
nohách	35207	4545	4856
noriem	21903	7369	7814
normy	32488	4940	5273
normálne	49875	3105	3363
normálny	16777	9557	10056
nos	42599	3682	3962
nosa	17216	9325	9823
nosiť	24895	6496	6902
nosom	16532	9670	10171
nosí	17740	9076	9566
nov	27123	5952	6329
nova	18440	8749	9232
novej	260242	456	520
novela	38705	4092	4390
novelu	23063	7000	7433
novely	41121	3820	4109
november	31908	5053	5390
novembra	189944	678	774
novembri	62306	2412	2630
novinkou	22115	7292	7735
novinky	25114	6417	6820
noviny	159427	847	961
novinách	41500	3792	4079
novinár	24405	6608	7024
novinári	34617	4638	4955
novinármi	17387	9236	9729
novinárom	26159	6172	6560
novinárov	57125	2677	2909
novom	136476	1019	1149
novotný	18992	8490	8966
novou	40770	3858	4148
nová	254291	471	537
novák	40477	3891	4181
nováky	19856	8128	8598
nováčik	19741	8179	8649
nové	575593	183	211
nového	282863	414	470
novému	23995	6735	7158
noví	25365	6358	6758
novín	69270	2157	2362
novú	156830	866	980
nový	397944	267	307
nových	327643	349	399
novým	110433	1290	1439
novými	37623	4214	4517
nočné	19990	8079	8547
nočný	19584	8258	8730
nožom	16358	9769	10275
nr	80592	1819	2003
nutné	39168	4031	4328
nuž	104142	1370	1525
náboženskej	16368	9761	10267
náboženské	21009	7679	8143
náboženských	20711	7795	8259
náboženstva	20379	7921	8387
náboženstvo	25239	6383	6784
nábytku	17108	9375	9872
nábytok	21912	7364	7809
nádej	86154	1703	1885
nádeje	55853	2756	2991
nádejou	17317	9274	9768
nádherné	22173	7281	7722
náhle	50407	3061	3318
náhoda	21644	7463	7914
náhodou	74985	1964	2158
náhradu	26380	6118	6502
nájde	60957	2478	2700
nájdeme	33731	4764	5088
nájdete	86037	1707	1889
nájdu	47479	3276	3543
nájomné	21288	7582	8040
nájsť	183128	716	814
nákazy	31184	5199	5539
náklad	16250	9847	10355
nákladné	17810	9052	9542
nákladov	77656	1885	2075
náklady	165572	818	927
nákup	56807	2692	2924
nákupu	17466	9195	9687
nákupy	18045	8945	9434
nálada	23825	6778	7201
náladu	33311	4818	5145
nálady	17557	9158	9648
nám	1145194	87	102
námestia	27539	5863	6235
námestie	57470	2661	2893
námestovo	19527	8278	8751
námestí	93641	1544	1711
nápad	49048	3166	3425
nápady	17841	9035	9525
nápis	17775	9063	9553
nápoje	16186	9893	10402
nápojov	16732	9572	10071
nárast	88106	1669	1847
nárastu	17388	9235	9728
národ	52015	2961	3213
národa	66163	2254	2467
národnej	153774	888	1003
národnom	34193	4709	5030
národnosti	21902	7370	7815
národná	58979	2578	2806
národné	53948	2860	3107
národného	121807	1144	1284
národnú	21714	7438	7886
národný	48329	3210	3473
národných	45502	3435	3709
národov	48724	3187	3447
národy	22227	7260	7701
nárok	61164	2467	2689
nároky	28885	5609	5971
náročná	22478	7167	7604
náročné	53477	2880	3128
náročný	24950	6477	6883
náručí	17841	9036	9526
nás	1331333	75	90
násilia	39329	4009	4306
násilie	32297	4978	5312
náskok	70249	2119	2322
následkom	20172	7996	8464
následky	41749	3770	4055
následne	173053	777	880
následok	20940	7710	8174
nástroj	37966	4174	4476
nástroje	39253	4021	4318
nástrojom	20762	7777	8241
nástrojov	29483	5498	5848
nástup	25321	6370	6770
nástupe	18982	8496	8972
návrat	78521	1864	2052
návrate	50032	3096	3354
návratu	22284	7241	7680
návrh	256157	468	534
návrhom	33183	4831	5161
návrhov	26889	6009	6389
návrhu	108019	1328	1479
návrhy	58702	2598	2826
návšteva	39689	3976	4270
návšteve	42153	3728	4010
návštevníci	52393	2940	3191
návštevníkom	19200	8417	8893
návštevníkov	74351	1983	2178
návštevu	53523	2879	3127
návštevy	62728	2388	2605
názor	133767	1036	1170
názorom	18420	8761	9244
názorov	30212	5358	5704
názoru	67171	2219	2428
názory	76398	1925	2116
názov	111629	1266	1415
názvom	157281	863	977
názvu	20154	8005	8473
názvy	19593	8250	8722
náčelník	19288	8377	8853
náš	288943	403	456
nášho	251259	482	548
nášmu	28553	5669	6034
németh	18728	8602	9080
ním	483525	217	248
nízka	26572	6069	6452
nízke	36140	4423	4731
nízky	20839	7751	8215
nízkych	17157	9351	9849
nór	17803	9055	9545
nórsko	20181	7992	8460
nôh	20448	7897	8362
nôž	22834	7071	7506
núdzi	25584	6311	6708
núti	16845	9523	10022
o	10781121	11	16
oba	61805	2435	2656
obaja	188434	689	786
obama	26313	6133	6518
obavy	94208	1537	1704
obce	229086	533	607
obchod	61811	2433	2654
obchode	35905	4449	4758
obchodnej	44144	3541	3818
obchodnom	16502	9685	10186
obchodná	21302	7579	8037
obchodné	42713	3664	3944
obchodného	40834	3852	4142
obchodníci	22853	7061	7496
obchodníkov	18907	8520	8996
obchodný	27415	5885	6258
obchodných	47474	3279	3546
obchodoch	22352	7219	7658
obchodov	29361	5524	5876
obchodovania	23566	6855	7281
obchodovanie	22020	7321	7764
obchodu	75978	1935	2126
obchody	31166	5202	5542
obci	142535	965	1090
obciach	32203	4999	5333
obcou	16103	9936	10447
obcí	92485	1572	1741
obdobia	129585	1070	1205
obdobie	189268	684	781
období	260971	455	519
obdobím	23405	6890	7318
obe	138319	1000	1129
obec	114444	1230	1379
obecného	23596	6847	7272
obed	38917	4069	4366
obete	47952	3238	3503
obetí	62050	2423	2643
obeť	32134	5012	5348
obeťami	16195	9885	10394
obeťou	23122	6984	7416
obfz	66525	2243	2454
obhajca	17474	9191	9682
obidvaja	19047	8463	8939
obidve	33487	4797	5123
obidvoch	36690	4357	4662
objav	16429	9730	10233
objavil	62171	2418	2637
objavila	35691	4479	4790
objavili	77987	1877	2066
objaviť	24790	6518	6928
objavuje	24290	6641	7057
objavujú	27407	5887	6260
objaví	30739	5265	5608
objednávky	18892	8529	9005
objekt	37308	4259	4564
objektov	32802	4894	5224
objektu	32175	5001	5336
objekty	25376	6355	6755
objektívne	23086	6991	7423
objem	56269	2725	2957
objeme	26896	6007	6387
objemu	22844	7067	7502
oblasti	491571	214	245
oblastiach	70484	2112	2315
oblastí	50391	3064	3321
oblasť	88477	1656	1833
oblečenie	32491	4939	5272
oblohe	19103	8449	8925
obmedzenia	36420	4392	4699
obmedzenie	25174	6401	6804
obmedzené	16270	9830	10337
obmedzení	16450	9719	10221
obmedziť	21804	7403	7850
obnova	16572	9649	10149
obnoviť	23392	6898	7326
obnovu	30261	5352	5698
obnovy	26978	5991	6369
oboch	201938	621	710
obom	19104	8448	8924
oboma	28574	5662	6027
obočie	16820	9538	10037
obrana	29406	5514	5866
obranca	60241	2515	2738
obrancovia	16207	9875	10384
obrancu	22351	7221	7660
obrane	35777	4469	4779
obranu	42487	3697	3978
obrany	110187	1297	1446
obrat	30967	5235	5576
obraz	130843	1059	1194
obrazom	19318	8359	8835
obrazov	28440	5692	6057
obrazu	38484	4123	4422
obrazy	46199	3370	3641
obrovská	26129	6175	6565
obrovské	57865	2642	2873
obrovskú	28159	5743	6113
obrovský	56686	2704	2936
obrátil	69645	2144	2349
obrátila	35755	4472	4782
obrátili	17845	9030	9521
obrátiť	29245	5543	5900
obrázky	21807	7400	7847
obrázok	26052	6195	6586
obsadenie	18214	8867	9353
obsadil	33185	4830	5160
obsadila	18563	8685	9166
obsadili	30629	5285	5628
obsah	122677	1138	1278
obsahom	40031	3932	4226
obsahovať	19236	8402	8878
obsahu	49760	3122	3380
obsahuje	84068	1740	1922
obsahujú	25099	6421	6824
obstarávania	16215	9868	10377
obstarávanie	17993	8958	9448
obvinenia	31815	5071	5408
obvinenie	23971	6742	7165
obvinení	21059	7663	8125
obvinený	31704	5089	5427
obvinil	27488	5871	6244
obvinili	22011	7323	7766
obvykle	22912	7037	7472
obyvatelia	98718	1463	1626
obyvateľmi	17850	9028	9518
obyvateľom	25389	6351	6751
obyvateľov	206688	601	685
obyvateľstva	74856	1968	2163
obyvateľstvo	21278	7589	8047
obyčajne	31346	5166	5506
obyčajný	23285	6929	7359
obzvlášť	30519	5309	5652
obávajú	17916	8998	9488
obávam	16783	9553	10052
obávať	16862	9512	10011
občan	43994	3556	3833
občana	28720	5633	5997
občania	87667	1677	1855
občanmi	19574	8261	8733
občanom	45639	3424	3698
občanov	178988	736	835
občas	125445	1103	1241
občianske	40062	3927	4221
občianskeho	31921	5049	5386
občianskej	28939	5599	5961
občiansky	17330	9265	9759
občianskych	16370	9759	10265
občianstvo	17807	9053	9543
obľúbené	23142	6982	7414
obľúbený	17083	9390	9888
ocenenia	27086	5962	6339
ocenenie	47344	3290	3558
ocenení	20181	7993	8461
ocenil	19632	8233	8705
ocenili	16613	9624	10123
och	21211	7616	8075
ochorenia	55679	2765	3000
ochorenie	35324	4532	4843
ochorení	45249	3460	3735
ochotne	22425	7187	7625
ochotní	33138	4841	5171
ochotný	34457	4668	4986
ochrana	43248	3613	3890
ochrane	43085	3629	3908
ochranné	17013	9435	9933
ochranu	100845	1432	1592
ochrany	94686	1531	1698
ocitla	16237	9856	10364
ocitli	26519	6085	6468
ocitol	37580	4219	4522
ocko	19406	8328	8803
od	4010469	26	36
odbor	51697	2976	3230
odbore	32223	4995	5329
odbornej	51515	2986	3240
odborná	29510	5493	5843
odborné	45961	3392	3666
odborného	21024	7672	8136
odborníci	69046	2162	2367
odborník	23352	6910	7338
odborníkov	68166	2189	2395
odbornú	21503	7507	7960
odborný	21029	7670	8134
odborných	48973	3169	3428
odborov	35137	4554	4865
odboru	76979	1903	2094
odbory	28463	5689	6054
odchod	59692	2545	2771
odchode	50863	3033	3287
odchodom	33986	4728	5050
odchodu	25657	6296	6693
odchádza	36036	4435	4743
odchádzajú	17610	9136	9626
odchádzali	19710	8191	8661
oddelenia	87043	1691	1871
oddelenie	55965	2749	2984
oddelení	41206	3814	4102
oddych	18469	8740	9223
odhad	18632	8643	9123
odhadnúť	21160	7634	8095
odhadov	20036	8056	8524
odhaduje	26995	5983	6361
odhalili	19556	8268	8740
odhaliť	20007	8069	8537
odišiel	111530	1267	1416
odišla	47105	3307	3576
odišli	53675	2871	3119
odkaz	42958	3649	3929
odkedy	41411	3802	4089
odkiaľ	86818	1695	1875
odkázal	16469	9702	10204
odlišné	24582	6567	6979
odmena	16298	9812	10319
odmenu	32306	4975	5309
odmeny	29928	5405	5753
odmieta	54568	2829	3074
odmietajú	21132	7641	8102
odmietla	31239	5186	5526
odmietli	32546	4931	5264
odmietnuť	17131	9364	9862
odmietol	75570	1946	2138
odniesli	16174	9899	10408
odniesol	19687	8201	8672
odo	46795	3330	3601
odohral	57812	2649	2880
odohrali	38435	4128	4428
odohrať	22372	7207	7645
odohrá	19689	8200	8671
odohráva	22598	7136	7572
odovzdal	33878	4743	5066
odovzdali	23489	6868	7295
odovzdať	28196	5739	6109
odpad	33843	4748	5071
odpadu	45826	3410	3684
odpor	43314	3608	3885
odporu	19047	8464	8940
odporúča	36752	4346	4651
odporúčame	16054	9965	10477
odporúčania	17351	9252	9746
odpovedal	96450	1502	1666
odpovedala	32452	4947	5280
odpovedali	19924	8102	8570
odpovedať	58241	2621	2850
odpovede	59781	2542	2767
odpovedá	24040	6722	7144
odpovedí	18196	8872	9358
odpoveď	141490	974	1100
odpoveďou	17030	9425	9923
odpustenie	17733	9082	9572
odrazu	69006	2165	2370
odráža	19514	8283	8756
ods	16293	9816	10323
odstránenie	26094	6186	6576
odstrániť	36845	4327	4632
odstupom	20416	7908	8374
odstúpil	19401	8329	8804
odsúdený	19243	8400	8876
odsúdil	18757	8594	9070
odsúdili	20353	7935	8401
odteraz	17600	9142	9632
odtiaľ	62488	2400	2617
odtiaľto	24616	6559	6971
odvahu	39207	4028	4325
odvetil	71384	2079	2279
odvetila	37072	4295	4600
odvetví	23096	6990	7422
odvodov	18948	8509	8985
odvody	26404	6110	6494
odvolal	19178	8425	8901
odvolanie	34474	4664	4982
odvolaním	24388	6615	7031
odvolať	21381	7550	8007
odvtedy	84118	1738	1920
odíde	22438	7181	7619
odísť	81239	1804	1988
odňatia	27963	5787	6158
oecd	17942	8985	9475
of	197585	643	737
off	50434	3059	3315
oficiálne	98117	1474	1637
oficiálnej	18618	8655	9135
oficiálny	17625	9127	9617
oficiálnych	17702	9095	9585
oh	31568	5121	5461
oheň	46336	3362	3633
ohrozenia	20469	7889	8354
ohrození	16567	9656	10156
ohroziť	17840	9038	9528
ohrozuje	18375	8785	9269
ohľadom	45665	3419	3693
ohľadu	64944	2294	2508
ohňa	22177	7278	7719
oka	24286	6644	7060
okamih	43051	3633	3912
okamihu	45660	3420	3694
okamžite	116238	1203	1351
okien	27901	5804	6175
okna	30523	5307	5650
okne	16893	9497	9996
okno	40557	3882	4172
oknom	17989	8959	9449
okná	41647	3777	4064
oko	40470	3892	4182
okolia	60845	2481	2703
okolie	52427	2937	3187
okolitých	34546	4650	4968
okolnosti	35984	4442	4750
okolností	65534	2275	2488
okolo	560594	191	219
okolí	103828	1382	1538
okraj	22095	7297	7740
okraji	28468	5688	6053
okrem	738869	134	154
okres	33926	4737	5059
okrese	91348	1594	1767
okresného	48017	3233	3497
okresný	34315	4694	5015
okresoch	19647	8222	8694
okresov	17801	9056	9546
okresu	47009	3315	3584
okruh	26761	6032	6414
okruhu	34896	4603	4918
okt	27320	5903	6277
október	28629	5654	6018
októbra	198266	639	732
októbri	55892	2754	2989
okuliare	25047	6440	6843
olej	25421	6343	6743
oleja	20238	7974	8442
oliver	19833	8142	8612
olympijské	18348	8806	9291
olympijského	18610	8661	9141
olympijský	20629	7833	8297
olympijských	26179	6162	6549
olympiáde	21250	7601	8060
olympiády	18559	8690	9172
omnoho	46927	3320	3590
omyl	17206	9329	9827
omša	29115	5569	5930
omše	24918	6484	6890
omši	20507	7877	8342
omšu	26650	6052	6434
on	525977	201	230
ona	230076	528	601
ondrej	57833	2647	2878
onedlho	35546	4496	4807
oni	156106	870	984
online	54771	2820	3063
ono	35413	4516	4827
ony	21876	7375	7820
opak	25658	6295	6692
opakovane	38513	4121	4420
opakovať	20165	7999	8467
opakuje	17887	9012	9502
opatrenia	137985	1004	1134
opatreniach	17013	9436	9934
opatrenie	29593	5481	5831
opatrení	73018	2029	2226
opatrne	49929	3103	3361
opačnom	22325	7227	7666
open	46799	3329	3600
opera	21816	7398	7845
operačného	18326	8818	9303
operačný	15988	9999	10511
opery	31012	5227	5568
operácia	18264	8846	9332
operácie	36449	4386	4692
operácii	23007	7015	7449
operáciu	20998	7688	8152
operácií	16364	9764	10271
opis	18094	8920	9409
opisuje	36643	4364	4669
oplatí	25816	6259	6655
opozícia	39349	4007	4303
opozície	38002	4169	4471
oprava	16166	9905	10414
opraviť	17354	9250	9744
opravu	25810	6261	6657
opravy	28697	5639	6003
oprel	18189	8878	9364
oproti	191982	669	765
opustil	54417	2835	3080
opustila	26421	6106	6490
opustili	22253	7257	7696
opustiť	37411	4244	4547
opätovne	37047	4297	4602
opäť	547747	195	223
opísal	26676	6046	6428
opýtal	61355	2457	2679
opýtala	26819	6026	6407
opýtaných	18895	8526	9002
or	33759	4758	5081
orange	19847	8135	8605
oravec	25055	6436	6839
orchester	19779	8161	8631
organizmu	22151	7286	7728
organizmus	22521	7155	7592
organizovať	17634	9124	9614
organizuje	41427	3801	4088
organizácia	84405	1732	1914
organizácie	181505	725	823
organizácii	32417	4954	5287
organizáciou	17878	9015	9505
organizáciu	28007	5777	6148
organizácií	63164	2369	2584
organizátor	18342	8813	9298
organizátori	64327	2323	2538
organizátorom	18087	8922	9411
organizátorov	25080	6427	6830
orgán	32807	4893	5223
orgánom	23463	6873	7301
orgánov	59891	2536	2761
orgánu	25904	6227	6620
orgány	54088	2853	3100
os	25873	6238	6632
osady	21991	7329	7772
osebe	17346	9254	9748
osem	138190	1001	1130
osemfinále	21834	7392	7838
osemnásť	19245	8399	8875
oslabenia	36405	4394	4701
oslabení	16575	9647	10147
oslavy	39765	3971	4265
oslovil	24766	6525	6935
oslovili	20763	7776	8240
osloviť	20468	7890	8355
osláv	24087	6706	7127
osn	89808	1627	1802
osoba	74270	1986	2181
osobe	37013	4304	4609
osobitne	41973	3747	4031
osobne	125675	1102	1240
osobnej	30215	5357	5703
osobnosti	83850	1746	1928
osobností	34531	4652	4970
osobnosť	42242	3720	4002
osobné	75181	1957	2150
osobného	32820	4888	5218
osobnú	21115	7646	8107
osobný	45530	3432	3706
osobných	57748	2651	2882
osobným	16009	9988	10501
osobou	22344	7225	7664
osobu	46222	3369	3640
osoby	145704	939	1061
osobám	22738	7098	7533
ostal	43414	3600	3877
ostala	31423	5144	5484
ostali	42320	3710	3992
ostalo	21937	7348	7792
ostane	31348	5164	5504
ostatné	171433	782	888
ostatní	97246	1490	1654
ostatných	165300	822	931
ostatným	40861	3848	4138
ostatnými	49788	3116	3374
ostať	32248	4986	5320
ostro	27458	5878	6251
ostrov	34850	4609	4924
ostrova	22079	7302	7745
ostrove	34105	4717	5039
ostáva	58992	2576	2804
ostávajú	16698	9583	10082
osud	71653	2075	2275
osude	18196	8873	9359
osudu	23426	6882	7310
osudy	18373	8790	9274
osvetlenie	19018	8482	8958
osôb	155046	877	991
otca	163029	828	939
otcom	59111	2574	2802
otcov	22003	7327	7770
otcovi	53392	2886	3135
otec	337468	332	380
otočil	23338	6915	7344
otvorene	41003	3829	4118
otvorenie	34706	4626	4943
otvorená	34466	4666	4984
otvorené	83287	1760	1942
otvorení	22912	7038	7473
otvorený	35194	4547	4858
otvorených	27126	5950	6327
otvoria	21484	7515	7968
otvoril	100522	1437	1597
otvorila	50238	3077	3335
otvorili	65619	2272	2485
otvoriť	53937	2862	3109
otvorí	28882	5614	5977
otvára	35095	4567	4879
otázka	156001	871	985
otázkach	29976	5398	5745
otázkami	17615	9132	9622
otázke	54062	2854	3101
otázkou	63957	2339	2554
otázku	205555	605	690
otázky	198537	635	728
otázne	23423	6884	7312
otázok	57256	2672	2904
overiť	17925	8993	9483
oveľa	237850	505	574
ovláda	17745	9073	9563
ovládať	22227	7261	7702
ovocia	22857	7059	7494
ovocie	39785	3964	4259
ovplyvniť	35104	4564	4876
ovplyvňuje	28941	5598	5960
ovplyvňujú	18449	8747	9230
oz	29393	5515	5867
ozaj	26198	6159	6546
ozbrojených	30344	5334	5678
oznamuje	19980	8084	8552
označenie	28431	5695	6060
označil	64053	2335	2550
označili	17608	9138	9628
označiť	21683	7446	7896
označuje	27265	5917	6293
oznámenia	16396	9744	10250
oznámenie	40922	3840	4130
oznámil	102853	1397	1554
oznámila	55849	2758	2993
oznámili	29707	5455	5805
oznámiť	23901	6760	7183
ozval	54248	2846	3093
ozvala	19828	8145	8615
očakáva	88321	1658	1836
očakávajú	31606	5110	5450
očakával	21724	7433	7881
očakávali	24285	6645	7061
očakávame	23398	6894	7322
očakávania	55954	2752	2987
očakávaní	17302	9281	9776
očakávať	50868	3032	3286
očami	123053	1132	1272
oči	287436	405	459
očiach	76469	1923	2114
očividne	34946	4590	4905
očkovanie	25794	6264	6660
očí	94100	1538	1705
oľano	41923	3750	4034
oľga	24913	6486	6892
oň	16771	9558	10057
oživenie	17949	8977	9467
p	89102	1637	1813
pacient	37236	4269	4574
pacienta	45454	3437	3711
pacienti	34550	4649	4967
pacientom	19387	8333	8808
pacientov	91026	1604	1777
padla	20008	8067	8535
padli	20669	7812	8276
padlo	23827	6777	7200
padne	20505	7878	8343
padol	39779	3967	4261
padá	17488	9183	9674
palube	24511	6587	7001
palubovke	22626	7126	7562
palác	19236	8403	8879
paláca	24009	6729	7152
paláci	19691	8199	8670
pamiatku	27246	5921	6297
pamiatky	27814	5817	6188
pamiatok	19652	8218	8690
pamäti	60654	2492	2715
pamätám	37207	4273	4578
pamäť	29796	5435	5785
pandémie	31217	5190	5530
pane	73259	2024	2221
pani	231358	521	594
panna	26643	6054	6436
panny	51205	3004	3258
papier	41914	3751	4035
papiera	33353	4813	5140
papiere	21302	7580	8038
papieri	16537	9667	10168
papierov	26426	6105	6489
paradoxne	33361	4809	5135
parametre	21363	7557	8014
park	56451	2716	2948
parkovisko	16045	9973	10485
parku	94061	1539	1706
parlament	75731	1942	2134
parlamente	70896	2094	2294
parlamentné	23608	6841	7266
parlamentných	48219	3216	3479
parlamentu	151282	901	1019
partia	18071	8931	9420
partizánske	31878	5060	5397
partner	32158	5007	5343
partnera	39024	4052	4349
partneri	25716	6280	6676
partnermi	24220	6671	7088
partnerom	39123	4037	4334
partnerov	42631	3676	3956
paríž	34820	4613	4928
paríža	23924	6756	7179
paríži	48871	3180	3440
pas	19171	8427	8903
patria	119383	1170	1312
patrik	50656	3042	3297
patril	58808	2588	2816
patrila	32308	4974	5308
patrili	35197	4546	4857
patrilo	27368	5894	6267
patriť	29415	5512	5863
patrí	337526	331	379
paul	33787	4756	5079
paula	20483	7884	8349
pavel	70663	2107	2307
pavla	101252	1426	1585
pavlík	18785	8583	9059
pavol	219974	562	641
pc	21605	7475	7927
pedagogickej	17204	9332	9830
pedagóg	17975	8967	9457
pedagógov	21914	7361	7806
peking	16145	9914	10423
pekingu	31558	5123	5463
pekne	72339	2053	2251
pekná	32379	4960	5293
pekné	72337	2054	2252
peknú	16902	9492	9991
pekný	46384	3358	3629
peniaze	394486	269	309
peniazmi	22380	7205	7643
percent	489817	216	247
percenta	204452	609	694
percentami	19506	8287	8760
percento	31592	5115	5455
percentá	38569	4113	4412
personál	20289	7959	8425
personálne	20240	7973	8441
personálu	16924	9481	9980
perspektívy	17949	8978	9468
pery	43920	3559	3836
pes	52016	2960	3212
pesničky	20659	7815	8279
peter	497828	211	242
petr	26895	6008	6388
petra	157446	860	974
petrom	24068	6712	7133
petrovi	19649	8221	8693
petráš	19010	8484	8960
petrík	17487	9184	9675
petržalka	41508	3789	4076
petržalke	17279	9293	9789
petíciu	16823	9532	10031
pevne	55215	2788	3028
pevné	25418	6345	6745
pezinok	35321	4533	4844
peňazí	180160	732	830
piate	18147	8898	9386
piatej	30572	5298	5641
piati	16334	9788	10294
piatich	124004	1123	1262
piatimi	34269	4699	5020
piatka	18156	8896	9384
piatok	259713	459	523
piatom	19622	8239	8711
piaty	36313	4404	4711
pic	17627	9126	9616
pieseň	43379	3603	3880
piesku	20460	7893	8358
piesne	51029	3017	3271
piesní	27686	5840	6212
piešťanoch	18870	8541	9017
piešťany	56735	2699	2931
piliera	18347	8808	9293
piva	30647	5283	5626
pivo	42188	3725	4007
piť	24872	6501	6908
planéty	24045	6719	7141
plat	41570	3785	4072
platby	30515	5311	5654
platený	24900	6492	6898
platia	42699	3667	3947
platiť	114491	1229	1378
platnosti	33181	4832	5162
platnosť	26448	6102	6486
platné	21008	7680	8144
platných	17753	9072	9562
platov	23804	6784	7207
platu	17645	9116	9606
platy	34917	4598	4913
platí	181615	724	822
play	60179	2521	2744
plecami	26008	6203	6595
plece	26269	6142	6529
plecia	28302	5720	6089
plne	55006	2806	3048
plnej	43405	3602	3879
plnenia	21927	7355	7800
plnenie	34441	4672	4990
plnení	17324	9270	9764
plniť	31625	5105	5444
plnom	32300	4977	5311
plná	35959	4445	4753
plné	84016	1743	1925
plní	28598	5657	6022
plnú	28933	5600	5962
plný	70426	2113	2316
plocha	22266	7248	7687
ploche	26339	6126	6511
plochu	24064	6713	7135
plochy	47359	3289	3557
plody	17961	8971	9461
plot	16113	9932	10443
plus	60399	2505	2728
plyn	43526	3589	3866
plynu	74261	1987	2182
plán	108296	1322	1473
pláne	39450	3999	4295
plánom	17205	9330	9828
plánov	25874	6236	6630
plánované	21601	7478	7930
plánu	73981	1996	2193
plánuje	83812	1747	1929
plánujú	27171	5939	6316
plány	67558	2210	2418
po	5613401	17	26
pobozkal	17270	9298	9795
pobočky	22270	7245	7684
pobral	16858	9513	10012
pobreží	21586	7483	7935
pobyt	60993	2475	2697
pobytu	41852	3761	4045
pochopenie	25363	6359	6759
pochopil	44651	3500	3777
pochopila	20748	7779	8243
pochopili	24452	6597	7012
pochopiteľne	30603	5290	5633
pochopiť	58798	2589	2817
pochváliť	21749	7424	7872
pochybnosti	35862	4456	4765
pochádza	60406	2504	2727
pochádzajú	25339	6368	6768
pocit	242970	492	561
pocitom	21763	7416	7864
pocitu	18054	8939	9428
pocity	51410	2990	3244
pocítil	22662	7117	7553
pod	1156733	86	101
podal	67061	2223	2432
podala	30983	5233	5574
podali	38528	4118	4417
podania	20232	7977	8445
podanie	30394	5331	5675
podaní	46448	3356	3627
podarilo	313010	366	416
podarí	85351	1711	1893
podať	52514	2932	3182
podbrezová	34484	4660	4978
podhradie	21177	7626	8087
podiel	137139	1013	1143
podielu	28773	5627	5991
podieľa	16153	9912	10421
podieľal	18913	8518	8994
podieľali	19630	8235	8707
podieľať	21015	7675	8139
podišiel	19073	8457	8934
podklady	17710	9088	9578
podmienkach	84085	1739	1921
podmienkami	16902	9493	9992
podmienkou	46744	3335	3606
podmienku	16134	9920	10430
podmienky	240318	500	569
podmienok	106766	1344	1497
podnet	35234	4539	4850
podnety	20196	7986	8454
podnik	65849	2264	2477
podnikania	40213	3916	4210
podnikanie	29693	5459	5809
podnikatelia	35113	4562	4874
podnikateľ	39817	3959	4253
podnikateľa	19704	8193	8663
podnikateľom	16588	9635	10135
podnikateľov	51682	2977	3231
podnikateľské	19322	8357	8833
podnikov	61092	2472	2694
podniku	94823	1528	1695
podniky	51094	3011	3265
podoba	16887	9500	9999
podobe	134499	1030	1163
podobne	239793	503	572
podobná	23424	6883	7311
podobné	137697	1009	1139
podobnú	23185	6965	7396
podobný	61771	2438	2659
podobných	40857	3850	4140
podobným	24661	6546	6957
podobu	45645	3422	3696
podoby	32330	4967	5301
podotkol	31483	5134	5474
podozrenia	18419	8763	9246
podozrenie	42731	3663	3943
podpis	25137	6413	6816
podpora	62417	2406	2624
podpore	32097	5019	5355
podporil	20370	7925	8391
podporili	25889	6232	6625
podporiť	54863	2816	3059
podporou	36997	4307	4612
podporovať	39711	3973	4267
podporu	193663	658	752
podporuje	58633	2601	2829
podporujú	27743	5832	6203
podpory	68338	2185	2390
podpredseda	55601	2767	3002
podpredsedu	22188	7275	7716
podpísal	51387	2991	3245
podpísali	33824	4750	5073
podpísať	22862	7057	7492
podrobne	25074	6428	6831
podrobnejšie	18616	8656	9136
podrobnosti	26451	6100	6484
podstate	115130	1220	1369
podstatne	56131	2739	2973
podstatné	43913	3562	3839
podstatu	21522	7501	7954
podstaty	21027	7671	8135
podujatia	122751	1137	1277
podujatiach	21962	7336	7780
podujatie	84768	1725	1907
podujatí	81728	1792	1976
podvečer	26530	6080	6463
podáva	25450	6337	6737
podávať	19025	8478	8954
podľa	2709624	41	51
podľahli	21715	7437	7885
podľahol	21920	7359	7804
pohlavia	20536	7868	8333
pohnúť	16183	9895	10404
pohoda	16080	9950	10462
pohode	29867	5418	5767
pohodlne	18287	8839	9325
pohreb	18412	8769	9253
pohyb	71009	2092	2292
pohybe	19333	8353	8828
pohybom	18384	8781	9265
pohybovať	25266	6379	6780
pohybu	48333	3209	3472
pohybuje	41577	3783	4070
pohybujú	21097	7651	8113
pohyby	18041	8946	9435
pohár	109498	1305	1455
pohára	103100	1391	1547
pohári	42197	3723	4005
pohľad	228398	536	611
pohľade	42541	3685	3965
pohľadom	60416	2503	2726
pohľadu	111320	1272	1421
pohľady	28267	5725	6094
pohľadávky	20701	7800	8264
poistenia	44413	3518	3795
poistenie	56965	2683	2915
poistení	18341	8814	9299
poistné	21488	7513	7966
poistného	21789	7408	7855
poisťovne	88303	1660	1838
poisťovni	19086	8455	8932
poisťovní	24188	6685	7104
poisťovňa	60133	2526	2750
pojednávanie	17905	9005	9495
pojem	46467	3355	3626
pojmom	17501	9178	9669
pojmu	16980	9454	9952
pojmy	16650	9602	10101
pokiaľ	217737	571	650
poklad	16734	9571	10070
pokladá	17712	9087	9577
pokles	96754	1494	1658
poklesu	28244	5730	6100
pokoj	91253	1597	1770
pokoja	36781	4335	4640
pokoji	25500	6325	6724
pokojne	83049	1764	1946
pokojný	20888	7729	8193
pokračoval	99313	1452	1614
pokračovala	47792	3251	3518
pokračovali	34350	4686	5006
pokračovanie	43295	3611	3888
pokračovať	145791	937	1059
pokračuje	95271	1517	1682
pokračujú	23080	6994	7427
pokrok	25816	6260	6656
pokrútil	20167	7997	8465
pokus	73006	2031	2228
pokusov	16758	9561	10060
pokusy	32064	5026	5362
pokuta	20955	7707	8171
pokutového	17739	9077	9568
pokutový	16489	9692	10193
pokutu	39057	4046	4343
pokuty	29556	5487	5837
pokyny	17186	9339	9837
pokúsil	36000	4438	4746
pokúsili	17142	9360	9858
pokúsiť	17912	9000	9490
pokúša	20315	7952	8418
pokúšal	29786	5438	5788
pokúšali	17401	9229	9722
pol	212565	585	666
pole	33861	4745	5068
poli	54024	2855	3102
polia	16481	9699	10200
poliaci	17232	9322	9820
poliak	16298	9813	10320
policajnej	20043	8052	8520
policajná	27285	5910	6284
policajné	20002	8075	8543
policajného	53983	2857	3104
policajný	33616	4779	5103
policajt	32690	4911	5242
policajti	116300	1202	1350
policajtov	52680	2929	3179
polievka	18349	8805	9290
politici	73793	2004	2201
politickej	87196	1688	1868
politicky	31495	5131	5471
politická	43296	3610	3887
politické	100654	1434	1594
politického	53279	2891	3140
politickú	43479	3594	3871
politický	49086	3161	3420
politických	102305	1408	1565
politickým	24577	6569	6982
politik	30011	5392	5739
politika	84592	1728	1910
politike	70532	2111	2313
politikou	18615	8657	9137
politikov	66554	2242	2453
politiku	68808	2167	2372
politiky	136652	1018	1148
polnoci	31285	5173	5513
polohy	19047	8465	8941
polovica	58032	2631	2860
polovice	64387	2319	2534
polovici	125370	1105	1243
polovicu	78775	1856	2043
položil	50186	3081	3339
položila	24275	6647	7064
položili	18374	8788	9272
položiť	19471	8302	8777
polrok	17253	9309	9806
polroku	24256	6657	7074
polák	17906	9004	9494
polícia	214073	581	660
polície	110601	1286	1435
polícii	36925	4316	4621
políciou	17222	9324	9822
políciu	35763	4471	4781
polčas	47032	3312	3581
polčase	114693	1224	1373
polčasu	52453	2935	3185
pomaly	171489	781	886
pomedzi	26527	6082	6465
pomer	40148	3923	4217
pomere	22721	7105	7541
pomerne	135893	1023	1154
pomerov	17480	9187	9678
pomeru	22623	7127	7563
pomery	31886	5058	5395
pomoc	255197	469	535
pomoci	132757	1046	1180
pomocou	156378	868	982
pomohla	34436	4675	4993
pomohli	50909	3024	3278
pomohlo	30890	5244	5585
pomohol	62731	2387	2604
pomyslel	52089	2957	3209
pomyslela	28211	5736	6106
pomáha	73122	2026	2223
pomáhajú	39111	4041	4338
pomáhal	24582	6568	6980
pomáhali	26228	6151	6538
pomáhať	47925	3240	3505
pomôcky	19163	8429	8905
pomôcť	170498	792	898
pomôže	66563	2241	2452
pomôžu	24893	6497	6903
ponad	35092	4568	4880
pondelka	28801	5619	5982
pondelok	214521	577	656
ponuka	51904	2965	3218
ponuke	29769	5444	5794
ponukou	18510	8716	9199
ponuku	76501	1920	2111
ponuky	62392	2410	2628
ponúk	18427	8759	9242
ponúka	133546	1041	1175
ponúkajú	45553	3429	3703
ponúkame	27052	5968	6345
ponúkla	19477	8300	8774
ponúkli	23069	6998	7431
ponúkne	22983	7020	7454
ponúknuť	40455	3893	4184
ponúkol	40975	3833	4122
poobede	17118	9370	9868
poplatkov	34482	4661	4979
poplatku	21417	7537	7992
poplatky	49792	3115	3373
poplatok	52158	2954	3206
popod	16109	9933	10444
popoludnie	21893	7371	7816
popoludní	77814	1881	2070
poprad	108111	1326	1477
poprade	32051	5027	5363
popradu	22687	7112	7548
popri	138005	1003	1133
populácie	33546	4785	5109
poradca	21597	7479	7931
poradenstvo	19665	8215	8686
poradia	19358	8341	8816
poradie	67057	2224	2433
poradil	22613	7130	7566
poradiť	30743	5263	5606
poradí	70266	2118	2321
poriadku	181219	728	826
poriadne	96459	1501	1665
poriadok	55135	2797	3038
porota	26775	6029	6411
poroty	18029	8952	9442
porovnanie	29509	5494	5844
porovnaní	145763	938	1060
porovnať	18783	8585	9061
porovnávať	17846	9029	9519
porozprávať	24389	6613	7029
portugalsko	20846	7747	8211
portál	42193	3724	4006
portálu	20712	7794	8258
poruba	24014	6727	7150
poruchy	25515	6321	6720
porušenie	36846	4326	4631
poschodie	18233	8856	9342
poschodí	32167	5003	5339
posielať	16975	9458	9956
posilnenie	24745	6527	6937
posilniť	24825	6510	6919
poskytla	21805	7402	7849
poskytli	21353	7563	8020
poskytne	26612	6058	6440
poskytnutie	21509	7504	7957
poskytnúť	56797	2694	2926
poskytol	29629	5471	5821
poskytovania	17036	9420	9918
poskytovanie	28093	5760	6130
poskytovať	32244	4988	5322
poskytuje	76339	1926	2117
poskytujú	30735	5267	5610
poslal	96159	1507	1672
poslala	22085	7301	7744
poslali	38182	4148	4450
poslanca	41058	3826	4115
poslanci	176631	750	851
poslancom	31619	5108	5447
poslancov	134076	1033	1167
poslanec	98996	1457	1620
poslaneckého	18519	8712	9195
poslanie	29011	5589	5951
poslankyňa	18277	8843	9329
poslať	37971	4172	4474
poslednej	114427	1231	1380
poslednom	128655	1077	1213
poslednou	20906	7718	8182
posledná	56552	2710	2942
posledné	171163	786	892
posledného	56172	2733	2967
poslednú	58232	2622	2851
posledný	146442	931	1053
posledných	243769	491	559
posledným	36761	4343	4648
poslucháčov	16400	9742	10246
posolstvo	28567	5666	6031
post	82524	1772	1955
postaral	22874	7053	7488
postarať	21672	7454	7905
postava	38256	4142	4443
postavenia	29516	5490	5840
postavenie	90282	1620	1795
postavená	16581	9643	10143
postavené	17248	9314	9811
postavení	19401	8330	8805
postavený	21969	7335	7779
postavil	61980	2427	2647
postavila	25453	6336	6736
postavili	55997	2747	2982
postaviť	77294	1894	2085
postavou	18726	8603	9081
postavu	31252	5180	5520
postavy	66972	2227	2436
postaví	22631	7124	7560
poste	28347	5717	6085
postele	50835	3034	3288
posteli	56203	2729	2964
posteľ	32039	5029	5365
postihnutím	19358	8342	8817
postihnutých	33496	4794	5120
postoj	83340	1759	1941
postoje	28363	5713	6080
postup	184219	709	807
postupe	23482	6870	7297
postupne	261018	454	518
postupom	27046	5970	6347
postupov	19687	8202	8673
postupovať	28037	5769	6139
postupu	40622	3877	4167
postupuje	18344	8811	9296
postupy	28713	5637	6001
postáv	38520	4119	4418
postúpil	18213	8868	9354
postúpili	25573	6312	6709
postúpiť	18518	8713	9196
posun	22162	7283	7724
posunul	22842	7069	7504
posunúť	18225	8861	9347
posádky	18961	8503	8979
posúdiť	21650	7462	7913
potenciál	48509	3199	3461
potešil	20608	7846	8310
potešilo	19861	8127	8597
poteší	18520	8711	9194
potichu	33114	4846	5176
potok	18467	8741	9224
potom	1383086	71	86
potraviny	40859	3849	4139
potravín	61629	2442	2663
potreba	29219	5550	5907
potrebe	16154	9911	10420
potrebná	29899	5410	5759
potrebné	269284	437	500
potrebnú	16226	9861	10369
potrebný	30732	5268	5611
potrebných	25685	6287	6684
potreboval	38917	4070	4367
potrebovala	21904	7368	7813
potrebovali	35807	4463	4772
potrebovať	36439	4388	4695
potrebu	54400	2836	3081
potrebuje	125068	1109	1247
potrebujem	36156	4420	4728
potrebujeme	62814	2380	2597
potrebujete	28152	5747	6117
potrebujú	72936	2033	2230
potreby	117247	1194	1338
potrieb	37269	4264	4569
potrvá	48653	3195	3456
potvrdenie	28913	5603	5965
potvrdil	124621	1116	1255
potvrdila	53286	2890	3139
potvrdili	61332	2458	2680
potvrdilo	27763	5829	6200
potvrdiť	31406	5149	5489
potvrdzuje	42854	3657	3937
potvrdzujú	21135	7639	8100
poukazuje	30331	5336	5681
poukázal	25063	6433	6836
poukázať	17099	9380	9878
použil	28406	5704	6070
použili	26141	6174	6562
použitia	22764	7088	7523
použitie	42240	3722	4004
použité	23334	6916	7345
použitím	18671	8626	9106
použiť	81497	1798	1982
používa	71260	2086	2286
používajú	50393	3063	3320
používali	22469	7171	7608
používania	18784	8584	9060
používanie	36538	4376	4682
používateľov	25318	6372	6772
používať	63440	2360	2575
povahu	18670	8627	9107
povahy	19292	8374	8850
považoval	25168	6403	6806
považovali	22630	7125	7561
považovať	47264	3292	3560
považskej	26868	6016	6396
považská	29939	5403	5751
považuje	121854	1143	1283
považujem	37382	4250	4554
považujeme	29296	5533	5887
považujú	51132	3008	3262
povedal	1379958	72	87
povedala	424248	250	284
povedali	99262	1453	1616
povedané	53763	2866	3114
povedať	392230	271	312
povedia	17646	9115	9605
povedie	21837	7390	7835
povedz	34362	4685	5005
povedzme	36039	4434	4742
povedzte	23920	6758	7181
povesť	25821	6257	6653
povie	93632	1546	1713
poviedky	16343	9781	10287
poviem	56172	2734	2968
povinnosti	84789	1724	1906
povinností	32248	4987	5321
povinnosť	93283	1553	1720
povinnosťou	22831	7073	7508
povinná	16046	9972	10484
povinné	34415	4679	4997
povinný	36605	4368	4673
povolania	24075	6711	7132
povolanie	25506	6324	6723
povolaní	16598	9633	10133
povolenia	25113	6418	6821
povolenie	46188	3371	3643
povrch	39129	4036	4333
povrchu	35440	4511	4822
povstania	19122	8443	8919
pozadí	33524	4789	5114
pozdrav	17100	9379	9877
pozdĺž	17947	8982	9472
pozemkov	42288	3713	3995
pozemku	35569	4490	4801
pozemky	40177	3920	4214
pozemok	32204	4998	5332
pozeral	33151	4839	5169
pozerala	18598	8671	9151
pozerali	17493	9180	9671
pozerať	45407	3445	3720
pozerá	26882	6013	6393
pozitívne	98575	1466	1629
pozitívny	42929	3650	3930
pozitívnych	17530	9169	9660
poznajú	36506	4381	4687
poznal	49762	3120	3378
poznala	17757	9070	9560
poznali	41469	3797	4084
poznamenal	82732	1766	1949
poznamenala	22734	7099	7534
poznania	31585	5118	5458
poznanie	36942	4315	4620
poznatkov	26672	6047	6429
poznatky	38311	4139	4439
poznať	42497	3694	3975
pozná	60683	2489	2712
poznám	49765	3119	3377
poznáme	41356	3807	4094
poznámka	20761	7778	8242
poznámky	25155	6406	6809
poznáte	25073	6429	6832
pozor	100391	1441	1601
pozorne	41228	3813	4101
pozornosti	45351	3450	3725
pozornosť	154541	883	997
pozoroval	22882	7048	7483
pozorovať	21884	7372	7817
pozostáva	17455	9200	9692
pozrel	112829	1250	1399
pozrela	70117	2124	2327
pozreli	20785	7769	8234
pozri	62807	2381	2598
pozrie	17441	9211	9703
pozrieť	110388	1293	1442
pozrite	46696	3340	3611
pozval	25600	6308	6705
pozvanie	35333	4530	4841
pozícia	24032	6724	7146
pozície	78560	1863	2051
pozícii	47137	3303	3572
pozíciu	74525	1977	2172
pozícií	19312	8363	8839
pozýva	30944	5238	5579
poézia	18438	8751	9234
poézie	35079	4573	4885
počas	949280	105	124
počasia	38876	4072	4369
počasie	93075	1558	1725
počasí	17317	9275	9769
počet	386574	277	318
počkať	31851	5065	5402
počte	52400	2938	3189
počtom	44773	3489	3766
počtu	125379	1104	1242
počty	18741	8598	9076
počul	78942	1852	2039
počula	38074	4158	4460
počuli	34762	4620	4936
počuť	83112	1762	1944
počíta	37046	4298	4603
počítač	31161	5203	5543
počítača	18365	8797	9281
počítače	19536	8277	8750
počítačov	19555	8269	8741
počítať	27930	5797	6168
počúval	24633	6550	6962
počúvať	38281	4141	4441
poď	32473	4943	5276
poďakoval	21386	7549	8005
poďakovanie	21562	7490	7942
poďakovať	31051	5224	5565
poďme	32971	4864	5194
poďte	17739	9078	9567
poľa	34777	4616	4932
poľska	54917	2810	3053
poľskej	25421	6344	6744
poľsko	56574	2708	2940
poľskom	18607	8666	9146
poľsku	57470	2662	2894
poľského	20451	7895	8360
poľský	24998	6464	6869
poľských	16258	9841	10348
pošta	18659	8632	9112
poštou	22885	7046	7481
pošty	19947	8094	8562
požaduje	16804	9544	10043
požehnanie	17944	8984	9474
požiadal	55893	2753	2988
požiadala	24434	6601	7017
požiadali	27832	5816	6187
požiadaviek	31917	5050	5387
požiadavka	18546	8700	9182
požiadavku	19812	8151	8621
požiadavky	80724	1816	2000
požiadať	45162	3465	3740
požiar	33278	4820	5147
požiaru	19868	8125	8595
pp	21930	7351	7795
pr	21170	7628	8089
prach	22606	7134	7570
prachu	21069	7660	8122
pracoval	74531	1976	2171
pracovala	29026	5587	5949
pracovali	41830	3764	4048
pracovať	140724	981	1108
pracovisko	22259	7252	7691
pracovisku	18471	8739	9222
pracovnej	52762	2918	3168
pracovnom	22834	7072	7507
pracovná	22750	7095	7530
pracovné	90747	1611	1785
pracovného	61330	2459	2681
pracovníci	73659	2007	2204
pracovník	35340	4529	4840
pracovníka	19639	8229	8701
pracovníkom	16985	9452	9950
pracovníkov	123255	1131	1271
pracovnú	23762	6801	7224
pracovný	52872	2914	3164
pracovných	112199	1256	1405
pracovísk	17343	9256	9750
pracuje	108605	1315	1466
pracujú	54279	2843	3090
pracujúcich	19398	8331	8806
praha	102999	1395	1551
prahe	88072	1670	1848
prahu	20982	7694	8158
prahy	37852	4185	4487
prakticky	101292	1425	1584
praktické	25027	6452	6856
prameň	25147	6407	6810
pravda	224365	543	621
pravdaže	64741	2306	2521
pravde	22466	7173	7610
pravdepodobne	184817	708	806
pravdepodobnosť	19921	8103	8571
pravdepodobné	29070	5576	5938
pravdivé	16164	9907	10416
pravdou	30513	5312	5655
pravdu	161450	837	950
pravdy	50490	3053	3309
pravej	47870	3246	3512
pravidelne	108931	1311	1462
pravidelné	26106	6183	6573
pravidiel	57877	2641	2871
pravidlo	23791	6792	7215
pravidlá	94764	1529	1696
pravom	19366	8338	8814
pravá	20137	8011	8479
pravé	25251	6382	6783
pravého	17238	9320	9818
pravú	26064	6192	6583
pravý	33170	4835	5165
prax	55377	2775	3012
praxe	53689	2869	3117
praxi	74302	1985	2180
pražskej	17136	9361	9859
pre	5335609	20	29
prebieha	51292	2998	3252
prebiehajú	18302	8833	9318
prebiehať	17455	9201	9693
preboha	20848	7746	8210
prebral	17470	9194	9686
prechod	35988	4440	4748
prechádza	34090	4720	5042
prechádzajú	16313	9803	10309
prechádzal	21854	7383	7828
prechádzali	18369	8796	9280
pred	2328698	48	58
predaj	119122	1172	1315
predaja	74207	1989	2184
predaji	33863	4744	5067
predajne	22684	7114	7550
predajom	19725	8183	8653
predal	20564	7858	8323
predať	43019	3640	3920
predbežne	17028	9428	9926
predchádzajúce	27681	5843	6215
predchádzajúcej	22836	7070	7505
predchádzajúci	19763	8166	8636
predchádzajúcom	24303	6637	7053
predkov	17858	9026	9516
predložil	22959	7026	7461
predložiť	30701	5277	5620
predmet	34759	4621	4937
predmetom	58970	2579	2807
predmetov	41088	3823	4112
predmetu	20009	8066	8534
predmety	42040	3741	4025
prednosta	23432	6881	7309
prednosť	40218	3914	4208
prednášky	26549	6074	6457
predo	24389	6614	7030
predovšetkým	323126	354	404
predpisov	52959	2903	3153
predpisy	19773	8162	8632
predpoklad	28066	5763	6133
predpokladať	25726	6278	6674
predpokladom	18298	8836	9321
predpokladu	19446	8311	8786
predpoklady	36255	4412	4720
predpokladá	68741	2170	2375
predpokladám	27681	5844	6216
predpokladáme	17259	9306	9803
predpoludním	18922	8517	8993
predsa	340780	325	372
predseda	292079	394	447
predsedníctva	25934	6222	6615
predsedníctvo	20057	8043	8511
predsedníčka	23406	6889	7317
predsedom	52987	2902	3152
predsedovi	17095	9386	9884
predsedu	128150	1083	1220
predstava	37530	4227	4530
predstavenia	30554	5302	5645
predstavenie	44142	3542	3819
predstavenstva	40689	3867	4157
predstavení	25283	6377	6777
predstavia	33503	4793	5119
predstavil	55173	2794	3034
predstavila	29420	5511	5862
predstavili	41463	3798	4085
predstavitelia	94039	1540	1707
predstaviteľ	27278	5913	6288
predstaviteľmi	29723	5451	5802
predstaviteľov	65807	2266	2479
predstaviť	117409	1193	1337
predstavoval	32084	5022	5358
predstavovala	20330	7945	8411
predstavovali	21637	7465	7917
predstavovať	20396	7913	8379
predstavte	16465	9707	10209
predstavu	38737	4089	4387
predstavuje	180781	730	828
predstavujú	56386	2721	2953
predstavy	42527	3687	3967
predstaví	49847	3107	3365
predstáv	31901	5055	5392
predtým	282598	415	471
predviedli	26366	6123	6507
predviedol	19900	8109	8578
predám	54809	2819	3062
predáva	23747	6810	7233
predávajú	19107	8447	8923
predávať	32866	4882	5212
predčasne	26944	5996	6375
predčasné	26500	6090	6473
predĺženie	20075	8038	8506
predĺžení	36724	4353	4658
prehliadka	25868	6241	6635
prehliadke	16644	9603	10102
prehliadku	22324	7229	7668
prehliadky	30049	5384	5730
prehovoril	17312	9277	9771
prehra	25634	6299	6696
prehral	37308	4260	4565
prehrala	17616	9131	9621
prehrali	64888	2299	2513
prehre	29387	5518	5870
prehru	28785	5623	5986
prehry	33799	4753	5076
prehľad	58320	2616	2845
prejav	50342	3068	3325
prejave	18176	8886	9372
prejavil	23066	6999	7432
prejavila	18375	8786	9270
prejavili	24327	6630	7046
prejavilo	19684	8205	8676
prejaviť	21930	7352	7796
prejavom	28111	5758	6128
prejavu	25866	6243	6637
prejavuje	41716	3773	4059
prejavy	38973	4059	4356
prejaví	18364	8798	9282
prejde	33760	4757	5080
prejsť	62637	2393	2610
preklad	34138	4713	5035
preklade	22864	7056	7491
prekonal	36686	4359	4664
prekonať	35116	4561	4873
prekvapene	18685	8619	9099
prekvapenia	16451	9717	10219
prekvapenie	51103	3010	3264
prekvapení	18610	8662	9142
prekvapením	25169	6402	6805
prekvapený	22884	7047	7482
prekvapil	23031	7012	7445
prekvapilo	27883	5806	6177
prekvapiť	16780	9555	10054
prekvapujúco	19671	8212	8683
prekážky	25478	6328	6727
prelome	25459	6335	6735
premenil	32126	5013	5349
premeniť	16991	9446	9944
premier	18892	8530	9006
premiér	157094	864	978
premiéra	105492	1355	1509
premiére	18974	8499	8975
premiérom	23056	7002	7435
premiéru	35159	4552	4863
premávky	18490	8725	9208
prenos	29949	5400	5748
prenájmu	18485	8730	9213
prenájom	24416	6605	7021
prepad	19272	8386	8862
prepojenie	21854	7384	7829
prepočte	19792	8158	8628
prepustili	19322	8358	8834
prepáč	19266	8390	8866
prepáčte	24456	6596	7011
prerušil	23716	6818	7241
presadil	38984	4058	4355
presadiť	49825	3112	3370
presadzovať	19504	8288	8761
presilovky	45689	3418	3692
presne	262081	451	514
presnejšie	32809	4892	5222
presné	31199	5197	5537
presný	32777	4900	5230
press	25982	6212	6604
prestal	35451	4509	4820
prestala	23235	6949	7379
prestali	29069	5578	5940
prestane	16609	9626	10126
prestať	19698	8197	8668
prestávke	43995	3555	3832
prestávku	17399	9231	9724
prestávky	27357	5897	6270
presvedčenie	30558	5301	5644
presvedčená	21661	7459	7910
presvedčení	33108	4848	5178
presvedčený	74997	1962	2156
presvedčil	21771	7415	7862
presvedčili	16452	9716	10218
presvedčiť	50928	3019	3273
pretekoch	56441	2717	2949
pretekov	58386	2613	2841
preteky	80857	1815	1999
pretekári	19019	8481	8957
pretekárov	29202	5553	5911
preto	1264531	79	94
pretože	778013	123	143
preukaz	34689	4629	4946
preukázať	18899	8524	9000
prevahu	34951	4588	4902
prevažne	62837	2379	2596
prevencie	17542	9161	9652
previezli	16093	9942	10454
prevzal	33004	4859	5189
prevzali	21675	7451	7902
prevziať	20901	7721	8185
prevádzka	18837	8559	9035
prevádzke	23978	6738	7161
prevádzku	39909	3950	4244
prevádzkuje	16283	9822	10329
prevádzky	61291	2461	2683
prezentoval	20187	7989	8457
prezentovali	18804	8575	9051
prezentovať	26669	6048	6430
prezentuje	21169	7629	8090
prezentácia	26883	6012	6392
prezentácie	20353	7936	8402
prezentáciu	17955	8975	9465
prezident	287018	407	461
prezidenta	194362	654	748
prezidentka	16798	9549	10048
prezidentom	52688	2928	3178
prezidentovi	28620	5655	6019
prezidentských	25701	6284	6680
prezradil	43166	3621	3899
prezradila	17491	9181	9672
preč	80178	1826	2010
prečo	636816	155	181
prečítal	23215	6956	7386
prečítať	26286	6139	6524
preňho	37093	4290	4595
prešiel	92896	1560	1727
prešla	48359	3207	3469
prešli	56314	2722	2954
prešlo	26981	5989	6367
prešov	240512	499	568
prešova	41838	3762	4046
prešove	113405	1241	1390
prešovskej	25229	6386	6787
prešovskom	19203	8416	8892
prešovského	29748	5448	5798
prešovský	23053	7004	7437
prežil	37841	4188	4491
prežila	18387	8780	9264
prežili	31795	5075	5412
prežitie	17775	9064	9554
prežiť	37966	4175	4477
prežíva	18828	8563	9039
pri	3323165	34	44
priam	74169	1991	2186
priame	26577	6066	6449
priameho	24540	6580	6993
priamo	287733	404	457
priamom	24308	6636	7052
priamy	41398	3803	4090
priamych	18489	8726	9209
priatelia	58118	2629	2858
priateľ	50465	3055	3311
priateľa	32904	4876	5206
priateľka	16572	9650	10150
priateľmi	28777	5625	5989
priateľom	40623	3875	4165
priateľov	69399	2153	2358
priateľstvo	19521	8279	8752
priaznivci	17248	9315	9812
priaznivcov	24630	6554	6966
približne	299757	385	436
približuje	22443	7180	7618
priblížil	38630	4104	4402
priblížila	17780	9061	9551
priblížiť	27267	5916	6292
pribudli	19967	8088	8556
pribudlo	23960	6747	7170
pribudne	17644	9118	9608
prichádza	97435	1485	1649
prichádzajú	55089	2802	3043
prichádzali	24220	6672	7089
pridal	59477	2561	2788
pridala	18788	8581	9057
pridali	39457	3997	4293
pridať	28433	5694	6059
pridáme	25422	6342	6742
priebeh	64815	2304	2519
priebehu	204428	610	695
priebežne	24935	6483	6889
priechod	18104	8916	9404
priemer	44295	3530	3807
priemere	45111	3469	3744
priemerne	18465	8743	9226
priemernej	18560	8688	9170
priemerná	33655	4776	5100
priemerný	32784	4898	5228
priemerom	16363	9766	10272
priemysel	39515	3991	4287
priemyselnej	20788	7765	8229
priemyselných	18529	8709	9192
priemysle	24428	6602	7018
priemyslu	51518	2985	3239
prieskum	45718	3415	3689
prieskumu	50790	3035	3289
priestor	189591	681	778
priestore	53959	2859	3106
priestoroch	76091	1931	2122
priestorov	59655	2549	2775
priestoru	82600	1770	1953
priestory	70093	2127	2330
prievidza	88276	1662	1840
prievidze	24271	6650	7067
prievidzi	35415	4515	4826
priezvisko	22769	7086	7521
priečke	23213	6957	7387
priečku	44529	3511	3788
priečky	16976	9457	9955
prihlásiť	26936	5998	6377
prihlášky	17608	9139	9629
prihrávke	19016	8483	8959
prijal	69171	2160	2365
prijala	35537	4497	4808
prijali	58396	2610	2838
prijatia	18033	8950	9439
prijatie	46836	3326	3596
prijaté	19946	8095	8563
prijatí	19263	8392	8868
prijať	75601	1945	2137
prijme	30723	5271	5614
prijmeme	20729	7785	8249
prijíma	21381	7551	8008
prijímať	26625	6055	6437
prikázal	20698	7801	8265
prikývla	25552	6314	6712
prikývol	42982	3648	3928
prima	18714	8606	9085
primárne	19618	8243	8715
primátor	116119	1204	1352
primátora	70670	2106	2306
prinajmenšom	26625	6056	6438
princ	21263	7594	8053
princíp	45366	3449	3724
princípe	21669	7456	7907
princípov	18870	8542	9018
princípu	19291	8376	8852
princípy	26021	6202	6594
prinesie	47161	3301	3570
priniesla	49616	3134	3392
priniesli	46475	3353	3624
prinieslo	23163	6978	7410
priniesol	69923	2133	2336
priniesť	52760	2920	3170
prináša	88150	1665	1843
prinášajú	21786	7410	7857
prinášame	16585	9639	10139
prioritou	26049	6197	6588
priority	21942	7345	7789
pripadá	21487	7514	7967
pripojenie	16354	9771	10277
pripomenul	60305	2514	2737
pripomenula	21182	7623	8084
pripomenuli	28570	5663	6028
pripomenúť	26888	6011	6391
pripomienky	18372	8792	9276
pripomína	84959	1718	1900
pripomínajú	22396	7196	7634
pripomíname	17065	9400	9898
pripomínať	16131	9922	10433
pripravená	40620	3878	4168
pripravené	62049	2424	2644
pripravení	39716	3972	4266
pripravený	69458	2151	2356
pripravil	49093	3160	3419
pripravila	38497	4122	4421
pripravili	73526	2015	2212
pripravilo	18427	8760	9243
pripraviť	72175	2055	2255
pripravoval	16603	9629	10129
pripravovali	20543	7866	8331
pripravovať	23796	6789	7212
pripravuje	77426	1890	2080
pripravujeme	17908	9002	9492
pripravujú	37192	4277	4582
pripustil	22881	7049	7484
pripísal	26427	6104	6488
prirodzene	67191	2216	2425
prirodzené	33125	4843	5173
prirodzený	16435	9728	10231
prispel	26174	6165	6552
prispeli	26918	6002	6382
prispieva	21989	7330	7773
prispieť	34350	4687	5007
prispôsobiť	25321	6371	6771
pristúpil	19621	8240	8712
pristúpiť	16426	9733	10236
prisľúbil	17199	9335	9833
pritom	367391	293	335
privatizácie	25217	6391	6793
priveľa	33849	4746	5069
priveľmi	37987	4170	4472
priviedol	22719	7106	7542
privítal	23652	6831	7255
privítali	22781	7082	7517
priznal	69484	2149	2354
priznala	20635	7830	8294
priznania	17613	9134	9624
priznanie	27414	5886	6259
priznať	36466	4384	4690
priznáva	29847	5425	5775
pričom	368420	292	334
prišiel	330586	343	393
prišla	175077	760	861
prišli	257888	465	530
prišlo	124110	1120	1259
pro	44111	3546	3823
problematika	16239	9855	10363
problematike	28848	5616	5979
problematiku	27789	5823	6194
problematiky	24788	6519	6929
problém	379809	282	324
problémami	32320	4971	5305
problémoch	29602	5479	5829
problémom	114686	1225	1374
problémov	149830	903	1023
problému	51111	3009	3263
problémy	354747	309	354
proces	148823	909	1030
procese	54689	2824	3068
procesom	16175	9898	10407
procesov	31392	5156	5496
procesu	91220	1600	1773
procesy	29909	5409	5758
produkcia	26951	5995	6374
produkcie	49112	3158	3417
produkciu	22729	7101	7536
produkt	38421	4133	4433
produktov	48216	3217	3480
produktu	30842	5251	5592
produkty	41855	3760	4044
profesionálne	22180	7276	7717
profesionálnych	16587	9637	10137
profesor	58754	2592	2820
profesora	22437	7182	7621
profil	20303	7957	8423
program	300567	382	433
programe	103069	1392	1548
programom	33420	4806	5132
programov	54917	2811	3054
programu	170288	793	899
programy	52265	2948	3200
projekt	225503	541	618
projekte	37869	4182	4484
projektoch	19157	8431	8907
projektom	25938	6221	6614
projektov	92467	1574	1743
projektu	201304	626	715
projekty	88108	1668	1846
prokuratúra	31063	5222	5563
prokuratúry	29946	5401	5749
prokurátor	40556	3883	4173
prokurátora	30147	5371	5717
prospech	110987	1278	1427
proste	32476	4942	5275
prostredia	179451	734	832
prostredie	114613	1227	1376
prostredníctvom	259595	460	524
prostredí	102424	1406	1563
prostriedkami	26468	6096	6480
prostriedkom	18761	8592	9068
prostriedkov	121800	1145	1285
prostriedky	128767	1076	1212
prostriedok	24959	6475	6881
prosím	120090	1164	1306
protest	25817	6258	6654
protesty	22788	7081	7516
proti	959724	102	121
prsia	30151	5368	5714
prst	16992	9444	9942
prstami	27624	5852	6224
prstom	23004	7016	7450
prstov	19836	8140	8610
prsty	42563	3684	3964
prudko	60926	2479	2701
prudký	16642	9605	10104
prv	26747	6037	6419
prvej	303748	378	429
prvenstvo	34231	4703	5024
prvkov	32793	4896	5226
prvky	49854	3106	3364
prvok	20913	7716	8180
prvom	343560	318	364
prvou	58822	2586	2814
prvá	173455	771	872
prvé	339695	327	375
prvého	181628	723	821
prví	36836	4328	4633
prvú	130703	1062	1197
prvý	603434	166	192
prvých	161807	835	948
prvýkrát	147185	921	1043
prvým	109794	1300	1450
prvými	20598	7849	8313
prác	89555	1632	1808
práca	158020	857	971
prácach	21379	7553	8010
práce	628211	160	186
práci	163364	827	938
prácou	55070	2803	3044
prácu	271383	435	495
práv	105639	1351	1505
práva	201180	627	716
práve	956534	104	123
právna	16386	9751	10257
právne	47011	3314	3583
právneho	31584	5119	5459
právnej	27471	5874	6247
právnik	23304	6922	7352
právny	32503	4936	5269
právnych	31692	5093	5431
právo	208832	596	678
právom	38111	4154	4456
právomoci	27295	5908	6282
prázdna	19417	8326	8801
prázdne	28864	5615	5978
prázdnej	17718	9084	9574
prázdnin	20580	7854	8319
prázdniny	31312	5170	5510
prázdny	18317	8821	9306
príbeh	152288	898	1015
príbehov	24162	6691	7111
príbehu	55851	2757	2992
príbehy	53754	2867	3115
príbuzní	18508	8717	9200
príbuzných	25619	6303	6700
príchod	45935	3396	3670
príchode	42265	3717	3999
príchodom	26880	6014	6394
príchodu	23203	6959	7389
príde	185684	704	801
prídem	22710	7108	7544
prídu	76519	1918	2109
príjem	59210	2570	2798
príjemne	29925	5407	5756
príjemné	45970	3391	3665
príjemný	22952	7028	7463
príjmov	81154	1808	1992
príjmu	39942	3944	4238
príjmy	66032	2258	2471
príkaz	28569	5665	6030
príklad	71323	2084	2284
príkladom	50369	3066	3323
príklady	20365	7926	8392
príležitosti	138513	998	1127
príležitostí	38389	4134	4434
príležitosť	107435	1336	1487
príliš	226998	539	615
príloha	18891	8531	9007
prínos	31434	5142	5482
prínosom	20262	7966	8433
prípad	148350	914	1036
prípade	709671	140	162
prípadne	161624	836	949
prípadné	29618	5475	5825
prípadoch	126465	1095	1233
prípadom	21031	7669	8133
prípadov	91235	1598	1771
prípadu	36907	4318	4623
prípady	60528	2496	2719
príprava	60588	2493	2716
príprave	70098	2126	2329
prípravné	17338	9259	9753
prípravou	20091	8031	8499
prípravu	70588	2108	2309
prípravy	82350	1775	1958
príroda	31231	5188	5528
prírode	47998	3235	3499
prírodné	26412	6107	6491
prírodných	31132	5211	5551
prírodu	16617	9622	10121
prírody	81522	1797	1981
príslušné	20443	7898	8363
príslušníci	34829	4612	4927
príslušníkov	41481	3795	4082
prísne	46715	3337	3608
príspevkov	27034	5973	6350
príspevku	50080	3092	3350
príspevky	36711	4354	4659
príspevok	91859	1584	1754
prístroj	19349	8348	8823
prístroje	16542	9666	10166
prístup	146529	930	1052
prístupné	16447	9721	10223
prístupom	18752	8596	9072
prístupu	37085	4291	4596
prísť	129503	1071	1206
prítomnosti	50436	3058	3314
prítomnosť	63216	2367	2582
prítomní	19906	8106	8575
prítomný	20682	7805	8269
prítomných	29783	5440	5790
príznaky	21278	7590	8048
príčin	32617	4920	5252
príčina	16490	9691	10192
príčinou	50579	3046	3301
príčinu	24019	6726	7149
príčiny	40719	3862	4152
prózy	20612	7842	8306
prúd	31136	5210	5550
prúdu	21922	7357	7802
psa	48322	3211	3474
psov	32426	4951	5284
psy	21836	7391	7836
psychicky	19761	8169	8639
publikované	17294	9284	9779
publikum	27673	5845	6217
publikácie	24898	6493	6899
puk	37623	4215	4518
pustil	41791	3766	4050
pustila	18052	8940	9429
pustili	29869	5417	5766
pustiť	26558	6071	6454
putin	34732	4625	4942
pz	40062	3928	4222
páchateľ	29802	5433	5783
pád	32230	4994	5328
páde	27920	5800	6171
pádom	19142	8437	8913
pádu	16786	9552	10051
pán	385841	278	319
pána	147163	923	1045
páni	39584	3986	4282
pánom	41878	3757	4041
pánov	17986	8961	9451
pánovi	32233	4991	5326
pánu	17285	9290	9786
pápež	87879	1674	1852
pápeža	47947	3239	3504
pár	286917	408	462
pás	19274	8385	8861
pásma	20559	7860	8325
pásme	23660	6829	7253
pásmo	16929	9479	9978
páči	68276	2186	2391
páčilo	23412	6887	7315
pätnásť	50129	3088	3346
päť	314098	365	415
päťdesiat	35468	4507	4818
písal	42986	3646	3926
písali	22223	7264	7705
písanie	17604	9141	9631
písať	60088	2527	2752
písma	18640	8640	9120
písmo	19153	8433	8909
písomne	19366	8339	8813
píše	138602	997	1126
píšem	17606	9140	9630
píšu	20785	7770	8233
pódiu	21272	7591	8049
pôde	76530	1917	2108
pôdu	33244	4823	5150
pôdy	54203	2847	3094
pôjde	99860	1445	1606
pôjdem	31662	5097	5435
pôjdeme	24936	6482	6888
pôjdu	26168	6167	6555
pôsobenia	49981	3099	3357
pôsobenie	44606	3503	3780
pôsobia	39468	3995	4291
pôsobil	86416	1702	1882
pôsobila	20038	8054	8522
pôsobili	26598	6062	6444
pôsobiť	43034	3638	3917
pôsobnosti	31348	5165	5505
pôsobí	105413	1356	1510
pôvod	35846	4459	4768
pôvodne	123661	1125	1264
pôvodnej	31897	5056	5393
pôvodné	27979	5782	6153
pôvodného	27804	5819	6190
pôvodný	33230	4825	5152
pôvodných	26254	6143	6530
pôvodu	46152	3375	3647
pôžičky	23019	7014	7447
púchov	52303	2946	3198
púť	28034	5770	6141
pýta	39855	3958	4252
pýtajú	16298	9814	10321
pýtal	31146	5206	5546
pýtali	24625	6555	6967
pýtať	24721	6534	6944
pľúc	20153	8006	8474
r	144081	952	1075
rad	79734	1836	2021
rada	232075	518	591
rade	176303	752	853
radi	137926	1006	1136
radikálne	20915	7715	8179
radičová	21454	7524	7978
radnica	20987	7692	8156
radnice	16633	9609	10108
radoch	17986	8962	9452
radoslav	21790	7406	7853
radosti	55232	2785	3025
radosť	148485	910	1032
radosťou	31464	5138	5478
radov	32731	4905	5236
radovan	17075	9392	9890
radu	55519	2772	3009
rady	271957	432	492
radí	22545	7150	7586
radšej	181644	722	820
rak	30926	5240	5581
rakety	15987	10000	10512
rakúska	50300	3070	3328
rakúskej	16953	9465	9964
rakúsko	43620	3584	3861
rakúskom	17465	9196	9688
rakúsku	48822	3182	3442
rakúsky	17122	9368	9866
rameno	16365	9763	10269
rangers	25085	6426	6829
rany	25865	6244	6638
rast	145354	940	1062
raste	16929	9480	9979
rastie	56440	2718	2950
rastislav	34610	4639	4956
rastliny	32088	5021	5357
rastlín	33214	4828	5156
rastom	17121	9369	9867
rastu	90274	1621	1796
rastú	23054	7003	7436
rating	16569	9654	10154
raz	618354	163	189
razy	37554	4223	4526
rača	23300	6924	7354
raňajky	18984	8494	8970
reagoval	56641	2706	2938
reagovala	18266	8844	9330
reagovali	16263	9836	10343
reagovať	37775	4193	4496
reaguje	26177	6164	6551
reakcia	31877	5061	5398
reakcie	45387	3448	3723
reakcii	23242	6947	7377
reakciu	22705	7109	7545
real	31484	5133	5473
realita	27860	5811	6182
realitou	19501	8290	8763
realitu	19559	8267	8739
reality	44622	3502	3779
realizovať	48362	3206	3468
realizuje	24783	6520	6930
realizácia	20820	7756	8220
realizácie	26770	6030	6412
realizácii	23371	6907	7335
realizáciu	35218	4543	4854
rebríčka	25396	6349	6749
rebríčku	32106	5018	5354
recept	26745	6038	6420
red	25902	6229	6622
redakcia	33417	4807	5133
redakcie	49061	3164	3423
redakcii	23165	6976	7408
redaktor	37170	4279	4584
redaktorka	23085	6992	7424
referenda	22113	7293	7736
referende	16321	9798	10304
referendum	31351	5162	5502
reforiem	19614	8245	8717
reforma	24377	6618	7034
reformu	21093	7653	8115
reformy	56463	2715	2947
regionálne	29590	5483	5833
regionálneho	38515	4120	4419
regionálnej	30096	5375	5721
regionálny	17813	9050	9540
regionálnych	34629	4636	4953
registra	21954	7340	7784
región	52333	2944	3196
regióne	86691	1697	1877
regiónoch	27795	5821	6192
regiónov	35803	4467	4776
regiónu	80245	1825	2009
regióny	18855	8551	9027
reklama	24014	6728	7151
reklamu	23437	6880	7308
reklamy	32917	4874	5204
rekonštrukcia	34218	4706	5027
rekonštrukcie	32124	5015	5351
rekonštrukcii	19311	8365	8841
rekonštrukciu	41789	3768	4052
rekord	60741	2485	2707
rektor	17010	9437	9935
relatívne	54508	2830	3075
relácie	22422	7189	7627
relácii	16633	9610	10109
remíza	18632	8644	9124
reprezentant	40944	3836	4126
reprezentanti	23751	6804	7227
reprezentantov	21042	7668	8131
reprezentačný	20891	7728	8192
reprezentovať	17875	9018	9508
reprezentácia	21727	7431	7879
reprezentácie	62972	2374	2590
reprezentácii	23450	6876	7304
reprezentáciu	17143	9359	9857
republika	58751	2593	2821
republike	72501	2046	2244
republiku	17398	9232	9725
republiky	221560	552	631
respektíve	49540	3139	3397
respondentov	41579	3782	4069
reuters	67633	2205	2413
revolúcia	16986	9450	9948
revolúcie	28997	5590	5952
revolúcii	16535	9669	10170
rezervy	28883	5612	5975
rezort	54377	2839	3085
rezortu	56209	2728	2962
reálne	67185	2217	2426
reálny	19446	8312	8787
reč	67101	2221	2430
reči	88884	1644	1820
rešpekt	23524	6863	7289
rešpektovať	27277	5914	6289
reštaurácie	30797	5255	5597
reštaurácii	20842	7750	8214
režim	57349	2665	2897
režime	19917	8104	8573
režimu	62113	2420	2639
režisér	55558	2769	3005
režiséra	30708	5273	5616
riadenia	38799	4084	4381
riadenie	29315	5530	5883
riadi	23854	6772	7195
riaditeľ	263750	447	510
riaditeľa	108374	1321	1472
riaditeľka	70771	2098	2298
riaditeľky	16103	9937	10448
riaditeľom	38969	4060	4357
riaditeľov	16309	9804	10311
riaditeľstva	28503	5680	6045
riadiť	29027	5586	5948
riadne	41184	3816	4105
richard	92863	1561	1728
richarda	19966	8089	8557
rieka	20093	8029	8497
rieke	27061	5966	6342
rieky	52727	2923	3173
riešenia	92385	1575	1744
riešenie	167265	811	919
riešení	57984	2635	2865
riešením	37708	4201	4504
rieši	32161	5006	5342
riešia	18605	8668	9148
riešili	19915	8105	8574
riešiť	121291	1153	1293
rimavskej	17017	9433	9931
rimavská	21568	7487	7939
riskovať	16129	9924	10435
rizika	24514	6586	7000
riziko	82020	1785	1968
riziká	28138	5751	6121
robert	91055	1603	1776
roberta	42170	3727	4009
robia	94915	1526	1693
robil	82522	1773	1956
robila	38162	4151	4453
robili	73590	2012	2209
robiť	290011	398	451
robotníkov	21125	7644	8105
robotu	21022	7673	8137
roboty	31916	5051	5388
robí	168175	807	915
robím	35833	4461	4770
robíme	34925	4596	4911
robíte	17936	8990	9480
robíš	17105	9376	9874
rock	17112	9372	9870
rodina	172295	778	882
rodinami	31078	5219	5560
rodine	103062	1393	1549
rodinnom	16109	9934	10445
rodinné	33670	4775	5099
rodinného	31788	5078	5415
rodinný	28405	5705	6071
rodinných	39449	4000	4296
rodinou	49143	3157	3416
rodinu	83628	1753	1935
rodiny	242600	494	563
rodič	18614	8659	9139
rodičia	159750	844	958
rodičmi	31592	5116	5456
rodičom	40745	3859	4149
rodičov	126981	1090	1228
rodnej	16601	9632	10132
rodu	29114	5570	5931
rodák	42859	3656	3936
rodín	53397	2884	3133
roh	27931	5796	6167
rohu	41371	3804	4091
rok	909969	110	129
roka	584531	177	205
rokmi	263396	448	511
rokoch	499203	210	241
rokom	104397	1364	1518
rokov	1300437	78	93
rokovania	95816	1511	1676
rokovaniach	27396	5888	6261
rokovanie	44674	3498	3775
rokovaní	84952	1719	1901
rokovať	43673	3583	3860
roku	2236861	51	61
roky	463554	231	262
roland	22779	7084	7519
rolu	29266	5537	5894
roman	83560	1754	1936
romana	20428	7904	8370
román	46039	3386	3659
románu	31351	5163	5503
ropa	16090	9947	10459
ropy	79077	1850	2036
rovine	26856	6020	6400
rovnakej	31793	5076	5413
rovnako	368687	291	333
rovnakom	36978	4310	4615
rovnaká	19760	8170	8640
rovnaké	73748	2006	2203
rovnakého	21127	7643	8104
rovnakú	31893	5057	5394
rovnaký	68542	2176	2381
rovnakým	33580	4784	5108
rovno	75782	1939	2131
rovnosti	18627	8648	9128
rozbehol	18903	8521	8997
rozdelenie	23488	6869	7296
rozdeliť	18769	8590	9066
rozdiel	222882	548	626
rozdielne	20023	8059	8527
rozdielom	30159	5365	5711
rozdielu	16301	9809	10316
rozdiely	54746	2821	3064
rozhlas	24632	6551	6963
rozhlasu	27006	5979	6357
rozhodca	45698	3416	3690
rozhodcov	33334	4815	5142
rozhodcovia	25664	6293	6690
rozhodcu	21971	7334	7778
rozhodla	97491	1482	1646
rozhodli	133663	1038	1172
rozhodlo	44087	3547	3824
rozhodne	148429	911	1033
rozhodnutia	105934	1349	1503
rozhodnutie	203354	614	702
rozhodnutiu	24374	6620	7036
rozhodnuté	17581	9150	9640
rozhodnutí	48813	3183	3443
rozhodnutím	30807	5254	5596
rozhodnú	24235	6661	7078
rozhodnúť	76492	1922	2113
rozhodol	191043	673	769
rozhodoval	103501	1386	1542
rozhodovali	62779	2384	2601
rozhodovanie	21263	7595	8054
rozhodovaní	19507	8286	8759
rozhodovať	44606	3504	3781
rozhoduje	37184	4278	4583
rozhodujú	19511	8284	8757
rozhodujúce	20673	7810	8274
rozhodujúci	32257	4985	5319
rozhovor	91842	1585	1755
rozhovore	77585	1887	2077
rozhovorov	27604	5854	6226
rozhovoru	33734	4763	5087
rozhovory	43710	3579	3856
rozkaz	20324	7948	8413
rozličné	27169	5940	6317
rozličných	36221	4414	4722
rozlúčiť	18606	8667	9147
rozmer	29300	5532	5886
rozmery	20494	7879	8344
rozmýšľal	19723	8184	8654
rozmýšľať	18077	8925	9414
rozpore	40934	3837	4127
rozpočet	82275	1777	1960
rozpočte	31356	5160	5500
rozpočtu	140584	985	1112
rozpráva	38353	4135	4435
rozprával	44376	3522	3799
rozprávala	18959	8505	8981
rozprávali	32982	4862	5192
rozprávania	17205	9331	9829
rozprávanie	22877	7051	7486
rozprávať	64600	2311	2526
rozprávka	19439	8317	8792
rozprávky	35786	4468	4778
rozsah	37688	4204	4507
rozsahu	62607	2395	2612
rozsiahle	20362	7929	8395
rozsudku	19252	8396	8872
rozsudok	27193	5933	6310
rozum	43851	3570	3847
rozumie	19371	8337	8812
rozumieť	17368	9246	9740
rozumu	25557	6313	6710
rozvoj	134277	1032	1166
rozvoja	110842	1280	1429
rozvoji	19433	8322	8797
rozvoju	19022	8480	8956
rozvíja	16584	9641	10141
rozvíjať	32000	5033	5369
rozširuje	16218	9866	10374
rozšírenie	35899	4450	4759
rozšíril	17099	9381	9879
rozšíriť	29615	5476	5826
ročne	101576	1415	1572
ročné	25487	6327	6726
ročného	16458	9712	10214
ročník	160083	843	957
ročníka	111169	1275	1424
ročníkov	18901	8523	8999
ročníku	81715	1793	1977
ročný	29409	5513	5865
rožňava	27131	5948	6325
rs	17125	9367	9865
rtvs	25836	6252	6648
ruch	23984	6736	7159
ruchu	51288	2999	3253
rudolf	56788	2695	2927
rudolfa	16197	9882	10391
ruka	48679	3192	3453
rukami	75723	1943	2135
ruke	91340	1595	1768
rukou	93196	1555	1722
ruku	187535	697	794
ruky	241259	498	567
rukách	102025	1412	1569
rumunsko	20052	8048	8516
rusi	39025	4051	4348
ruska	89029	1639	1815
ruskej	70882	2096	2296
rusko	134844	1029	1161
ruskom	40839	3851	4141
rusku	73095	2027	2224
ruská	38908	4071	4368
ruské	39965	3942	4236
ruského	50317	3069	3326
ruský	60655	2491	2714
ruských	43242	3614	3891
rusnák	19960	8091	8559
rusov	16676	9591	10090
ružinov	29234	5546	5903
ružomberka	16060	9961	10473
ružomberku	32883	4879	5209
ružomberok	87203	1687	1867
rv	22662	7118	7554
ryby	39399	4003	4299
rybár	16602	9630	10130
rád	330582	344	394
rádia	35741	4474	4784
rádio	48442	3203	3465
rámci	491334	215	246
rámec	28913	5604	5966
rána	50397	3062	3319
ráno	237468	507	576
rásť	29184	5555	5913
ráta	17454	9202	9694
rátať	22372	7208	7646
ráz	39525	3989	4285
rázne	18308	8828	9313
réžia	20364	7928	8394
réžii	24568	6576	6989
rím	26404	6111	6495
ríma	23808	6783	7206
ríme	38595	4109	4407
ríše	26208	6154	6541
róbert	79299	1846	2031
róberta	16830	9530	10029
rómov	49304	3152	3411
rómovia	25993	6210	6602
rómske	16915	9484	9983
rómskej	22635	7122	7558
rómskych	24797	6516	6925
rôzne	214284	579	658
rôznych	232749	515	587
rôznym	19651	8219	8691
rôznymi	43998	3554	3831
rúk	115213	1218	1366
rýb	18988	8491	8967
rýchle	50097	3090	3348
rýchlejšie	52045	2959	3211
rýchlo	277620	424	480
rýchlosti	33685	4773	5097
rýchlosť	60448	2499	2722
rýchlosťou	29772	5443	5793
rýchly	36923	4317	4622
s	11068881	9	13
sa	32372589	3	5
sabinov	18418	8764	9247
sad	21414	7538	7994
sadla	25019	6455	6859
sadnúť	16502	9686	10187
sadol	42503	3693	3974
sadzba	19357	8343	8818
sadzby	45229	3462	3737
sadzieb	24586	6565	6977
sagan	18778	8588	9064
sam	18488	8728	9211
sama	175881	754	855
sami	159513	846	960
samo	36093	4431	4739
samom	19932	8099	8567
samospráv	17667	9106	9596
samospráva	38653	4102	4400
samosprávneho	44396	3519	3796
samosprávny	25731	6275	6671
samosprávy	60772	2484	2706
samostatne	36587	4370	4676
samostatné	23294	6926	7356
samostatný	19846	8136	8606
samostatných	17894	9010	9500
samotnej	26336	6129	6514
samotná	34645	4633	4950
samotné	42800	3659	3939
samotného	31100	5213	5554
samotní	17708	9091	9581
samotný	60979	2476	2698
samotných	20956	7705	8169
samozrejme	305317	376	427
samuel	31951	5041	5378
samy	24137	6693	7113
samé	26994	5984	6362
samého	42508	3692	3973
samých	16516	9678	10179
san	58225	2623	2852
sankcie	30706	5274	5617
santa	16324	9795	10301
sas	66970	2228	2437
sav	146735	927	1049
scenár	41862	3758	4042
schodoch	25113	6419	6822
schopnosti	74747	1970	2165
schopností	20646	7822	8286
schopnosť	80661	1818	2002
schopná	36004	4437	4745
schopné	33535	4786	5111
schopní	46553	3351	3622
schopný	63668	2348	2563
schválenie	21753	7422	7870
schválený	19589	8252	8725
schválil	25859	6246	6640
schválila	33751	4760	5083
schválili	34412	4680	4998
schváliť	19158	8430	8906
schôdzi	16451	9718	10220
scéna	26755	6035	6417
scéne	43324	3607	3884
scénu	27127	5949	6326
scény	38779	4085	4382
sdk	19586	8257	8729
sdkú	70412	2114	2317
sdľ	44165	3539	3816
se	99807	1447	1608
seba	482052	219	250
sebavedomie	19617	8244	8716
sebe	363097	297	340
sebou	332728	339	389
sedel	70749	2100	2300
sedela	36607	4367	4672
sedeli	39069	4044	4341
sedem	156871	865	979
sedia	16808	9542	10041
sedieť	37670	4208	4511
sedí	45272	3456	3731
sekcie	24776	6523	6933
sekretár	18647	8636	9116
sektor	32619	4919	5251
sektora	37467	4235	4538
sektore	27354	5898	6271
sekundu	18372	8793	9277
sekundy	40020	3935	4229
sekúnd	67170	2220	2429
sem	176375	751	852
semifinále	85103	1716	1898
seminár	24741	6528	6938
seminára	18554	8694	9176
sen	68483	2180	2385
senec	39889	3953	4247
senica	82574	1771	1954
senici	18986	8492	8968
seniori	18598	8672	9152
seniorov	36753	4345	4650
senát	21832	7393	7839
senátu	21688	7445	7894
september	31247	5183	5523
septembra	223171	546	624
septembri	70890	2095	2295
sereď	19589	8253	8724
sergej	16429	9731	10234
seriál	63552	2353	2568
seriálu	27324	5899	6272
server	20078	8035	8503
servis	38667	4100	4398
sestier	28729	5632	5996
sestra	75436	1949	2141
sestru	20325	7947	8414
sestry	69658	2143	2348
set	21233	7609	8068
sete	21363	7558	8015
sever	35484	4503	4814
severe	27486	5872	6245
severnej	38592	4110	4408
sex	27276	5915	6291
sexuálne	18985	8493	8969
sezóna	45550	3430	3704
sezóne	170734	790	896
sezónou	19211	8413	8889
sezónu	82500	1774	1957
sezóny	161856	834	947
sfz	28134	5753	6123
sfére	19871	8124	8594
sféry	20349	7937	8403
show	27253	5920	6296
si	8567996	14	21
siedmej	19089	8453	8929
siedmich	48945	3172	3431
siedmy	16992	9445	9943
sieni	16888	9499	9998
siete	121222	1154	1295
sieti	58179	2624	2853
sietí	28118	5756	6126
sieť	71832	2068	2268
sieťach	16696	9584	10083
signál	32571	4925	5258
sila	59133	2573	2801
silami	18432	8754	9237
sile	22886	7045	7480
silne	20434	7901	8367
silnej	19036	8468	8944
silnejšie	19711	8190	8660
silnejší	17439	9212	9704
silno	21050	7665	8128
silná	36101	4430	4738
silné	65192	2285	2498
silnú	21255	7599	8058
silný	73259	2025	2222
silných	16205	9876	10385
silným	22484	7165	7602
silou	39793	3963	4257
silu	88606	1651	1828
silvia	21762	7418	7865
sily	153891	887	1001
simon	23941	6754	7177
simona	19306	8367	8843
sis	31968	5039	5376
sita	165495	820	929
situácia	221500	553	632
situácie	155174	875	989
situácii	132323	1050	1184
situáciou	22325	7228	7667
situáciu	183765	711	809
situáciách	29240	5544	5901
situácií	26533	6078	6461
sk	477021	220	251
skalica	72702	2039	2236
skalici	17675	9102	9592
skaly	16050	9970	10482
skk	24059	6716	7138
skla	19198	8419	8895
skladby	27950	5788	6159
skladá	17417	9221	9714
sklamanie	26376	6119	6503
sklamaný	18493	8723	9206
sklo	25464	6333	6732
skok	16168	9903	10412
skončení	75211	1956	2149
skončil	143686	955	1079
skončila	104046	1375	1530
skončili	69720	2141	2346
skončilo	48082	3230	3494
skončiť	43691	3581	3858
skončí	51014	3018	3272
skonštatoval	47969	3237	3502
skoro	148388	912	1034
skrze	19818	8150	8620
skrátka	32335	4965	5299
skrýva	30016	5390	5737
skupina	231354	522	595
skupine	102163	1411	1568
skupinou	35183	4549	4860
skupinu	67296	2214	2423
skupiny	301407	381	432
skupinách	23682	6826	7250
skupín	88273	1663	1841
skutky	20470	7888	8353
skutočne	185659	705	802
skutočnosti	164230	824	933
skutočnosť	123310	1130	1270
skutočnosťou	20357	7932	8398
skutočná	18397	8778	9262
skutočné	34841	4610	4925
skutočnú	16673	9594	10093
skutočný	35971	4443	4751
skutočným	16994	9442	9940
skvele	16828	9531	10030
skvelá	16569	9655	10155
skvelé	31410	5148	5488
skvelý	36153	4422	4730
skóre	97617	1480	1644
skóroval	21324	7573	8031
skôr	500065	209	240
skúmať	18372	8794	9278
skúsenosti	154251	885	999
skúseností	50555	3049	3304
skúsenosť	64576	2312	2527
skúsený	28630	5653	6017
skúste	19885	8121	8591
skúške	17265	9302	9799
skúšku	19944	8097	8565
skúšky	39291	4016	4313
slabo	16000	9996	10508
slabá	16120	9929	10440
slabé	25219	6388	6790
slabý	27713	5837	6208
sledoval	38748	4086	4383
sledovala	18437	8752	9235
sledovali	30974	5234	5575
sledovanie	19891	8119	8589
sledovať	72425	2051	2249
sleduje	36312	4405	4712
sledujú	18497	8722	9205
slečna	47706	3259	3526
slnečné	21541	7496	7949
slnka	45872	3407	3681
slnko	78591	1862	2050
slnkom	18112	8911	9400
slnku	20883	7732	8196
sloboda	51270	3002	3256
slobode	32048	5028	5364
slobodne	19878	8123	8593
slobodné	16759	9560	10059
slobodný	17934	8991	9481
slobodu	70337	2116	2319
slobody	108674	1314	1465
slota	18553	8695	9177
slov	185976	702	799
slova	98986	1459	1622
slovak	26917	6003	6383
slovakia	74980	1965	2159
slovami	91302	1596	1769
slovan	170708	791	897
slovana	46565	3349	3620
slovenska	531716	199	228
slovenskej	543659	196	224
slovensko	513730	205	235
slovenskom	109091	1310	1460
slovenskou	32112	5016	5352
slovensku	768693	125	145
slovensky	19681	8206	8677
slovenská	241763	496	565
slovenské	169197	800	907
slovenského	303275	379	430
slovenskému	19949	8093	8561
slovenskí	81008	1811	1995
slovenskú	65758	2267	2480
slovenský	283859	412	468
slovenských	275680	427	486
slovenským	58156	2627	2856
slovenskými	21008	7681	8145
slovenčine	20550	7863	8328
slovenčiny	24938	6481	6887
slovinsko	19723	8185	8655
slovnaft	21930	7353	7797
slovník	18417	8766	9249
slovo	203886	612	698
slovom	42710	3666	3946
slová	227503	537	613
slovách	20388	7918	8384
slováci	115838	1207	1355
slovák	58671	2600	2828
slovákom	21006	7683	8147
slovákov	103824	1383	1539
slušne	19793	8156	8626
slušný	16781	9554	10053
služba	63477	2358	2573
službe	37867	4183	4485
službu	71669	2072	2272
služby	300396	383	434
službách	36477	4382	4688
služieb	193567	660	755
slzy	53683	2870	3118
sláva	18287	8840	9326
slávia	37683	4205	4508
slávnosti	31209	5193	5533
slávnostne	25354	6362	6762
slávnostné	23345	6913	7342
slávnosť	23599	6844	7269
slávny	20609	7845	8309
slávu	21090	7654	8116
slávy	23319	6919	7349
slúži	44693	3496	3773
slúžia	22009	7324	7767
slúžil	19562	8266	8738
slúžiť	55307	2779	3018
sme	4195843	24	34
smeje	17703	9092	9582
smer	115408	1213	1361
smere	79075	1851	2037
smerom	175510	757	858
smeru	79322	1845	2030
smeruje	26853	6022	6402
smiech	46767	3333	3604
smiechom	17256	9308	9805
smiechu	20520	7874	8339
smiešne	23875	6768	7191
smk	54615	2828	3073
smolu	16346	9780	10286
smrti	185286	707	805
smrť	142786	963	1088
smrťou	41995	3744	4028
sms	24534	6582	6995
smutne	18314	8824	9309
smutné	29314	5531	5884
smutný	22541	7151	7587
smútiaca	19498	8291	8764
smútku	22410	7194	7632
smútok	29387	5519	5871
sna	16975	9459	9957
snaha	51900	2966	3219
snahe	50917	3021	3275
snahou	24220	6673	7090
snahu	37198	4275	4580
snahy	31307	5171	5511
snažia	61021	2474	2696
snažil	69594	2145	2350
snažila	34479	4663	4981
snažili	76136	1930	2121
snažiť	47367	3288	3556
snaží	88734	1647	1823
snažím	32317	4972	5306
snažíme	37138	4284	4589
snd	37114	4287	4592
sne	16247	9851	10359
sneh	43773	3575	3852
snehu	50217	3079	3337
snina	33603	4782	5106
snov	19143	8436	8912
snp	54862	2817	3060
sns	86016	1708	1890
sny	30691	5278	5621
snáď	33824	4751	5074
snímka	28022	5771	6142
snímke	42243	3719	4001
snímky	25721	6279	6675
so	2137608	55	65
sobota	137015	1014	1144
sobotu	253619	476	542
soboty	27835	5815	6186
socha	20100	8026	8494
sochy	23197	6962	7392
socialistickej	18871	8540	9016
socializmu	25702	6283	6679
sociálna	51809	2971	3224
sociálne	116657	1198	1345
sociálneho	56804	2693	2925
sociálnej	137340	1011	1141
sociálnu	29497	5496	5846
sociálny	34297	4696	5017
sociálnych	157691	859	973
sokol	28367	5712	6079
soli	17414	9222	9715
solidarity	16190	9889	10398
som	6931640	15	23
sotva	57922	2638	2868
sovietskeho	24705	6538	6948
soľ	29515	5492	5842
soňa	20570	7856	8321
sp	47657	3261	3528
spadol	25933	6223	6616
spartak	40412	3894	4185
spať	41884	3756	4040
spektrum	24263	6652	7069
spev	29326	5529	5882
spevák	29435	5506	5857
speváčka	22221	7265	7706
spieva	19855	8130	8600
spievať	22472	7170	7607
spisovateľ	47612	3265	3532
spisovateľa	19926	8101	8569
spisovateľov	25627	6301	6698
spišskej	38606	4107	4405
spišská	46370	3360	3631
splnenie	18346	8809	9294
splnil	22241	7258	7699
splnili	19823	8148	8619
splniť	36785	4332	4637
splátky	17862	9023	9514
spod	54507	2831	3076
spojenia	22481	7166	7603
spojenie	54658	2825	3070
spojená	29046	5583	5945
spojené	118684	1175	1318
spojení	26337	6128	6513
spojený	22369	7209	7648
spojených	96724	1495	1659
spojiť	26978	5992	6370
spokojne	20885	7731	8195
spokojnosti	18539	8704	9186
spokojnosť	30434	5323	5666
spokojná	22552	7148	7584
spokojní	46241	3367	3638
spokojný	75836	1938	2130
spoliehať	16441	9723	10226
spolku	28240	5732	6102
spolok	19142	8438	8914
spoločenskej	28684	5642	6006
spoločenská	22359	7216	7655
spoločenské	39264	4019	4316
spoločenského	30012	5391	5738
spoločenský	19632	8234	8706
spoločenských	38344	4137	4437
spoločenstva	42870	3655	3935
spoločenstvo	36751	4347	4652
spoločne	115762	1210	1358
spoločnej	46762	3334	3605
spoločnom	24525	6585	6999
spoločnosti	703858	141	163
spoločností	82096	1784	1967
spoločnosť	441553	243	275
spoločnosťou	47122	3305	3574
spoločná	22468	7172	7609
spoločné	100429	1439	1599
spoločného	47629	3262	3529
spoločnú	30365	5332	5676
spoločný	44308	3529	3806
spoločných	30637	5284	5627
spoločným	18023	8954	9444
spolu	591144	175	203
spolupracovať	39113	4039	4336
spolupracuje	22022	7319	7762
spolupráca	60399	2506	2729
spolupráce	81124	1810	1994
spolupráci	140627	984	1111
spoluprácu	86995	1692	1872
spomedzi	59753	2543	2768
spomenul	55021	2805	3047
spomenula	23397	6895	7323
spomenúť	34574	4645	4963
spomienka	29787	5436	5786
spomienku	23047	7008	7441
spomienky	57062	2679	2911
spomienok	18735	8599	9077
spomína	92516	1569	1738
spomínajú	33284	4819	5146
spomínal	23779	6797	7220
spomínali	16294	9815	10322
spomínam	23617	6838	7263
spomínanej	20962	7702	8166
spomínané	28253	5728	6097
spomínaného	17294	9285	9780
spomínaný	23873	6769	7192
spomínaných	28136	5752	6122
spomínať	17835	9040	9530
sponzorov	17144	9357	9855
spor	44170	3537	3814
sporiteľne	19165	8428	8904
sporov	16465	9708	10210
sport	22994	7018	7452
sporu	23577	6851	7277
spory	26492	6092	6475
spotreba	26115	6179	6569
spotrebiteľov	22456	7175	7613
spotrebu	21463	7518	7972
spotreby	28786	5621	5984
spoza	48979	3168	3427
spoznal	22392	7199	7637
spoznať	24038	6723	7145
spočiatku	56062	2743	2978
spočíva	53166	2895	3144
spoľahnúť	16370	9760	10266
spp	27997	5778	6149
spracovania	19712	8189	8659
spracovanie	42998	3644	3924
spravidla	38283	4140	4440
spravil	24631	6552	6964
spravili	17819	9046	9536
spraviť	34655	4632	4949
spravodajstvo	43446	3598	3875
spravodlivosti	77912	1879	2068
spravodlivosť	36764	4339	4644
spred	40359	3899	4190
sprevádza	18388	8779	9263
sprievod	18381	8783	9267
správ	45765	3414	3688
správa	157315	862	976
správania	49839	3111	3369
správanie	76668	1913	2104
správať	32310	4973	5307
správca	35734	4475	4785
správcu	18313	8826	9311
správe	90991	1605	1779
správna	24319	6632	7048
správne	166767	813	921
správneho	16857	9516	10015
správnej	29347	5526	5879
správnom	16416	9738	10241
správnu	23957	6751	7174
správny	44332	3526	3803
správnych	16503	9683	10184
správou	26903	6006	6386
správu	109869	1299	1449
správy	328466	346	396
spu	23975	6739	7162
spustil	23264	6939	7369
spustila	17276	9294	9791
spája	59343	2566	2793
spájajú	19588	8254	8726
spánku	35489	4502	4813
spánok	21577	7485	7937
späť	147062	924	1046
spôsob	193310	662	758
spôsobe	20280	7964	8431
spôsobené	24193	6679	7098
spôsobil	47916	3242	3507
spôsobila	25135	6415	6818
spôsobili	32035	5030	5366
spôsobilo	20512	7876	8341
spôsobiť	32727	4906	5237
spôsobmi	19964	8090	8558
spôsobom	282989	413	469
spôsobov	18698	8611	9091
spôsobu	31838	5068	5405
spôsobuje	42055	3740	4024
spôsobujú	17030	9426	9924
spôsoby	37255	4267	4572
spýtal	122980	1134	1274
spýtala	60727	2486	2708
spýtať	19620	8241	8713
sr	795900	120	140
srbsko	16816	9540	10039
srdca	91435	1591	1763
srdce	147241	920	1042
srdci	58171	2626	2855
srdcia	17332	9264	9758
srdciach	19474	8301	8775
srdcom	31950	5042	5379
srdečne	20726	7790	8254
st	18003	8955	9445
stabilitu	18628	8646	9127
stability	17989	8960	9450
stal	292032	395	448
stala	155420	873	987
stali	113995	1237	1386
stalo	256925	467	533
stane	126101	1098	1236
stanica	38628	4105	4403
stanice	64327	2324	2539
stanici	42680	3671	3951
stanicu	32153	5008	5344
stanislav	77251	1896	2087
stanislava	19036	8469	8945
stano	16837	9527	10026
stanovené	23062	7001	7434
stanovený	17937	8989	9479
stanovisko	62214	2414	2633
stanovisku	22264	7249	7688
staníc	21753	7423	7871
stanú	19177	8426	8902
starať	34437	4674	4992
starec	20639	7828	8292
starej	84049	1741	1923
starom	40135	3924	4218
starosta	108591	1317	1468
starosti	68676	2172	2377
starostka	18967	8501	8977
starostlivo	27221	5927	6304
starostlivosti	103912	1379	1535
starostlivosť	83124	1761	1943
starostu	41435	3800	4087
stará	130794	1061	1196
staré	109395	1306	1456
starého	83359	1758	1940
starí	34866	4607	4922
starú	27301	5905	6279
starý	126149	1097	1235
starých	88144	1666	1844
starým	25381	6352	6752
staršia	20852	7741	8205
staršie	34275	4697	5018
staršieho	18559	8691	9173
starší	101433	1420	1578
starších	62673	2391	2608
starším	17964	8970	9460
status	18227	8860	9346
stav	239964	501	570
stavať	45648	3421	3695
stavba	30478	5315	5658
stavbe	21229	7611	8070
stavbu	34749	4622	4938
stavby	68485	2179	2384
stave	111169	1276	1425
stavebnej	16951	9467	9966
stavebné	47162	3300	3569
stavebného	26697	6044	6426
stavebný	27506	5869	6242
stavebných	29815	5429	5779
stavia	26561	6070	6453
stavieb	23100	6989	7421
stavom	16933	9473	9973
stavu	140230	987	1115
stačilo	48094	3228	3492
stačiť	20963	7701	8165
stačí	135573	1026	1157
stať	165965	816	924
ste	1210167	82	97
steel	22764	7089	7524
stene	35919	4448	4757
stenu	27523	5866	6239
steny	45876	3406	3680
stiahli	16124	9925	10436
stiahnuť	20992	7691	8155
stiahol	23290	6928	7358
stihli	18063	8935	9424
stihol	29775	5442	5792
sto	115337	1214	1362
stoja	50078	3093	3351
stojí	188332	692	789
stola	39920	3949	4243
stole	66787	2236	2446
stoličke	16196	9883	10392
stoličku	25010	6462	6866
stoličky	22119	7291	7734
stolom	25371	6356	6756
stolu	21390	7546	8002
stopy	55488	2773	3010
storočia	236768	511	580
storočie	17270	9299	9796
storočí	81261	1803	1987
stoviek	19570	8265	8737
stovky	72591	2043	2241
strach	112781	1251	1400
strachu	54621	2827	3072
straka	17216	9326	9824
strana	199293	632	725
stranami	18928	8515	8991
strane	395068	268	308
stranou	32404	4956	5289
stranu	122950	1135	1275
strany	565289	186	214
stranách	46970	3318	3587
strata	38989	4056	4353
strate	17872	9019	9509
stratil	61999	2426	2646
stratila	36762	4341	4646
stratili	46129	3376	3648
stratiť	23824	6779	7202
stratou	25976	6213	6605
stratu	44015	3553	3830
straty	61417	2455	2677
stratégia	20932	7711	8175
stratégie	35213	4544	4855
stratégiu	22377	7206	7644
stratí	19759	8171	8641
stravu	19214	8411	8887
strašne	51385	2992	3246
strašné	20184	7991	8459
strechou	17147	9356	9854
strechu	27081	5963	6340
strechy	30285	5345	5690
stred	24403	6609	7025
streda	97678	1478	1642
strede	63071	2370	2586
strediska	35804	4464	4773
stredisko	41970	3748	4032
stredisku	26371	6121	6505
strednej	113118	1245	1394
strednom	19318	8360	8836
stredná	26325	6131	6516
stredné	31521	5127	5467
stredného	28409	5701	6067
strednú	19685	8204	8675
stredných	60190	2518	2742
stredopoliar	20335	7943	8409
stredoveku	20025	8057	8525
stredu	197107	645	739
stredy	24373	6621	7037
street	30110	5374	5720
strela	32495	4937	5270
strelci	21206	7617	8076
strelcom	17743	9074	9564
strelcov	17182	9341	9839
strele	19840	8138	8608
strelec	40317	3904	4195
strelecky	20519	7875	8340
strelil	51590	2982	3236
strelili	17573	9151	9641
strelou	50145	3086	3344
strelu	48169	3223	3486
strely	39466	3996	4292
stres	20489	7881	8346
stretla	27301	5906	6280
stretli	90784	1609	1783
stretne	30293	5342	5687
stretneme	16852	9518	10017
stretnutia	196749	647	741
stretnutiach	32169	5002	5337
stretnutie	221044	557	636
stretnutí	210954	589	670
stretnutím	17439	9213	9705
stretnú	35013	4583	4896
stretnúť	55716	2762	2997
stretol	70123	2123	2326
stretávajú	20590	7852	8316
stretávame	23388	6900	7328
striebro	24839	6508	6917
striedali	27125	5951	6328
striel	18440	8750	9233
stroj	27096	5957	6334
stroje	23393	6897	7325
strojov	22889	7044	7479
strom	38050	4162	4464
stromov	47381	3287	3555
stromu	24465	6594	7009
stromy	51042	3015	3269
stromček	16720	9575	10074
stropkov	16340	9783	10289
stručne	19701	8194	8665
stráca	37939	4178	4480
strácajú	18219	8865	9351
strán	188404	690	787
stránka	35476	4504	4815
stránkach	31483	5135	5475
stránke	118650	1176	1319
stránku	40959	3835	4124
stránky	74544	1974	2169
stránok	20534	7870	8335
strávil	35398	4519	4830
strávili	16706	9580	10079
stráviť	20845	7748	8212
stráže	18409	8771	9255
strýko	20630	7832	8296
stu	26231	6150	6537
studenej	18597	8673	9153
stupeň	49276	3153	3412
stupni	23700	6821	7245
stupňa	43917	3560	3837
stupňov	51545	2984	3238
stv	93253	1554	1721
styku	27528	5865	6237
stál	117712	1187	1331
stála	86145	1704	1886
stále	780025	122	142
stáli	63500	2357	2572
stálo	43224	3615	3892
stáva	113287	1242	1391
stávajú	31097	5214	5555
stáť	92845	1562	1730
stíhanie	33437	4804	5130
stôl	73628	2010	2207
stúpa	24947	6479	6885
stúpol	20808	7761	8225
subjekt	24763	6526	6936
subjektov	36569	4372	4678
subjektu	20412	7909	8375
subjekty	28419	5699	6064
suché	16434	9729	10232
suchý	19974	8085	8553
sudca	49774	3118	3376
sudcov	32220	4996	5330
sudcovia	17534	9166	9657
sudcu	23226	6954	7384
sulík	23236	6948	7378
suma	52921	2907	3157
sume	32838	4885	5215
sumou	23322	6918	7347
sumu	78688	1860	2047
sumy	54393	2837	3082
super	43917	3561	3838
suroviny	19352	8346	8821
surovín	17444	9209	9701
susedia	22273	7244	7683
susedov	33930	4735	5057
suverénne	16548	9665	10165
svaly	16579	9644	10144
svedectvo	25824	6255	6651
svedkami	23673	6827	7251
svedkom	18717	8605	9084
svedkov	29860	5420	5770
svedomia	25423	6341	6741
svedomie	20653	7819	8283
svedomí	18250	8852	9338
svedčia	18314	8825	9310
svedčí	50035	3095	3353
svet	330874	341	391
sveta	491912	213	244
svete	381599	280	321
svetla	50643	3043	3298
svetle	40804	3855	4145
svetlo	104379	1365	1519
svetlom	19028	8473	8949
svetlá	23639	6835	7259
svetom	39112	4040	4337
svetovej	146086	935	1057
svetovom	37413	4243	4546
svetová	38132	4153	4455
svetové	33330	4816	5143
svetového	80044	1828	2012
svetovú	18405	8773	9257
svetový	54968	2807	3049
svetových	55713	2763	2998
svetu	35686	4481	4792
sviatkov	24698	6539	6950
sviatku	21109	7649	8110
sviatky	35016	4581	4894
sviatok	50184	3083	3341
svidník	17835	9041	9531
svit	23768	6800	7223
svoj	589055	176	204
svoje	1004469	98	115
svojej	598349	170	197
svojho	580095	178	206
svojich	615371	164	190
svojim	147004	926	1048
svojimi	159369	848	962
svojmu	105230	1357	1511
svojom	327944	347	397
svojou	180646	731	829
svoju	667468	149	174
svojím	231908	519	592
svätej	56082	2741	2976
svätá	37073	4294	4599
sväté	21045	7667	8130
svätého	100131	1444	1604
svätú	24489	6591	7006
svätý	84242	1734	1916
svätých	26648	6053	6435
sydney	21072	7658	8120
symbol	28498	5682	6047
symbolom	25051	6438	6841
syn	144728	947	1069
syna	108917	1312	1463
synom	34274	4698	5019
synov	23234	6951	7381
synovi	25231	6385	6786
synovia	24048	6718	7140
systém	259383	461	525
systéme	48353	3208	3471
systémom	40813	3854	4144
systémov	40184	3918	4212
systému	191969	670	766
systémy	39150	4034	4331
szabó	16339	9785	10291
sále	27574	5860	6232
sály	16521	9676	10177
sám	453234	237	269
séria	28536	5674	6039
série	60190	2519	2741
sérii	35054	4575	4888
sériu	41348	3808	4095
síce	368695	290	332
sídla	21776	7412	7859
sídle	16990	9448	9946
sídli	19000	8487	8963
sídlisku	28408	5703	6069
sídlo	31267	5178	5518
sídlom	36875	4323	4628
síl	115299	1216	1364
sú	3684379	27	37
súboj	59729	2544	2769
súboja	18935	8514	8990
súboje	17817	9048	9538
súboji	59857	2540	2765
súbor	56603	2707	2939
súborov	21497	7509	7962
súboru	37641	4211	4514
súbory	17465	9197	9689
súd	239942	502	571
súde	46838	3325	3595
súdne	20166	7998	8466
súdneho	21848	7386	7831
súdnej	21156	7635	8096
súdny	24721	6535	6945
súdom	29364	5523	5875
súdov	18549	8697	9179
súdu	144512	948	1070
súdy	25065	6430	6833
súhlas	49653	3131	3389
súhlasil	29576	5486	5836
súhlasila	16348	9777	10283
súhlasiť	22744	7096	7531
súhlasu	21592	7482	7934
súhlasí	23267	6937	7367
súkromnej	26931	5999	6379
súkromná	17780	9062	9552
súkromné	37494	4231	4534
súkromného	22227	7262	7703
súkromný	21302	7581	8039
súkromných	38747	4087	4384
súlade	98188	1473	1636
súper	66117	2256	2469
súpera	110961	1279	1428
súperi	20106	8021	8489
súperom	40029	3933	4227
súperov	35894	4451	4760
súperovi	28716	5635	5999
sústavy	19848	8133	8603
sústredenie	16458	9713	10215
sústrediť	30755	5261	5604
súvisia	22513	7159	7596
súvisiace	42898	3652	3932
súvisiaci	26957	5994	6372
súvisiacich	20734	7782	8246
súvislosti	254715	470	536
súvisí	63898	2342	2557
súčasne	105565	1352	1506
súčasnej	81175	1807	1991
súčasnom	24186	6686	7105
súčasnosti	336267	335	383
súčasná	41571	3784	4071
súčasné	43203	3617	3894
súčasného	51501	2987	3241
súčasnú	21954	7341	7785
súčasný	63350	2363	2578
súčasných	47868	3248	3514
súčasným	16061	9960	10472
súčasť	49321	3151	3410
súčasťou	258783	464	529
súťaž	173782	769	870
súťaže	320917	357	407
súťaži	135087	1028	1160
súťažiach	33525	4788	5113
súťažiť	17045	9413	9911
súťaží	52908	2908	3158
sýkora	21948	7343	7787
sýrii	16908	9485	9984
sčasti	23748	6809	7232
sľub	27701	5838	6209
sľubuje	22319	7233	7672
sľuby	16453	9715	10217
sľúbil	31212	5192	5532
sťažnosti	19801	8155	8625
sťažnosť	20306	7955	8421
t	92382	1576	1745
ta	62309	2411	2629
tabuľka	61869	2432	2653
tabuľke	55182	2790	3030
tabuľky	73753	2005	2202
tajne	18711	8608	9087
tajnej	20591	7851	8315
tajné	21730	7430	7878
tajných	16669	9596	10095
tajomník	47785	3253	3520
tajomníka	19854	8131	8601
tajomstvo	42912	3651	3931
tak	3568819	29	39
takej	67987	2196	2403
takejto	55373	2776	3013
takisto	138415	999	1128
takmer	689231	145	168
takom	61492	2448	2670
takomto	44345	3525	3802
takou	29815	5430	5780
takpovediac	19748	8177	8647
taktiež	109570	1304	1454
takto	354972	308	353
takzvané	16602	9631	10131
taká	179499	733	831
takáto	56220	2727	2961
také	390235	275	316
takého	54650	2826	3071
takéhoto	37410	4245	4548
takéto	190982	674	770
takí	54937	2808	3050
takú	103383	1388	1544
takúto	61613	2444	2665
taký	299872	384	435
takých	79178	1848	2033
takýchto	88044	1671	1849
takým	60168	2522	2745
takými	17569	9154	9644
takýmto	57664	2656	2887
takýto	124391	1118	1257
takže	406879	262	301
talent	40930	3838	4128
talianska	51821	2969	3222
talianskeho	21552	7492	7945
talianskej	25305	6374	6774
taliansko	52509	2934	3184
talianskom	16315	9801	10308
taliansku	50163	3085	3343
taliansky	31941	5047	5384
tam	1138707	90	105
tanca	21116	7645	8106
tanec	26291	6138	6523
tasr	398726	265	305
tatiana	16077	9951	10463
tatier	30182	5364	5710
tatra	35227	4542	4853
tatran	54714	2823	3067
tatry	37495	4230	4533
tatrách	30904	5242	5583
team	32539	4932	5265
teba	137897	1007	1137
tebe	74571	1973	2168
tebou	63021	2372	2588
technickej	34777	4617	4933
technicky	20708	7799	8263
technická	17159	9350	9848
technické	49081	3162	3421
technického	19646	8224	8696
technický	19895	8117	8586
technických	34497	4657	4975
technika	33735	4762	5086
technikou	21179	7625	8086
techniku	28056	5766	6136
techniky	67938	2198	2405
technológia	18486	8729	9212
technológie	56076	2742	2977
technológií	45438	3440	3714
teda	947765	107	126
tej	280119	419	475
tejto	940690	108	127
tel	26124	6178	6568
tela	98392	1469	1632
tele	50296	3071	3330
telefonicky	22155	7284	7726
telefón	65025	2289	2502
telefónne	16285	9820	10327
telefónu	26520	6084	6467
telesnej	20641	7824	8288
televízia	62922	2376	2592
televízie	77898	1880	2069
televízii	48141	3226	3489
televíziu	27464	5876	6249
televízne	32423	4953	5286
televíznej	23301	6923	7353
televízny	17703	9093	9583
televíznych	30285	5346	5691
televízor	18611	8660	9140
telo	147005	925	1047
telom	26987	5985	6363
telá	21689	7444	7893
tempo	39213	4024	4321
ten	1003449	99	116
tendenciu	19341	8352	8827
tenis	35343	4527	4838
tento	1134798	91	106
tentokrát	25210	6396	6798
tentoraz	122498	1139	1279
teoreticky	20083	8034	8502
tepla	40919	3841	4131
teplice	34325	4691	5012
teplo	45907	3401	3675
teplota	36886	4320	4625
teplotu	17921	8994	9484
teploty	36477	4383	4689
teplé	18352	8804	9289
teraz	1045361	95	111
termín	100136	1443	1603
termíne	35887	4453	4762
termínu	23598	6845	7270
termíny	21351	7564	8021
terorizmu	19264	8391	8867
teréne	29267	5536	5893
terézia	16093	9943	10455
tesco	20158	8003	8471
tesne	123573	1127	1266
test	38352	4136	4436
testov	24298	6639	7055
testovanie	21409	7540	7996
testy	33716	4766	5090
teta	27396	5889	6262
text	106679	1345	1498
texte	25345	6363	6763
textom	17081	9391	9889
textov	34377	4683	5003
textu	62500	2398	2615
texty	46441	3357	3628
teória	28660	5650	6014
teórie	43061	3632	3911
teóriu	18109	8913	9401
tešia	26511	6086	6469
tešil	32558	4927	5260
tešili	32452	4948	5281
tešiť	44433	3516	3793
teší	69929	2132	2335
teším	34689	4630	4947
tešíme	18600	8669	9149
that	16953	9466	9965
the	306985	374	425
thomas	30706	5275	5618
ti	398409	266	306
tibor	43000	3643	3923
ticha	16627	9616	10115
ticho	120111	1163	1305
tichú	16309	9805	10312
tichý	23319	6920	7350
tie	548629	194	222
tieni	17677	9101	9591
tieto	561114	189	217
tieň	24292	6640	7056
tiež	797822	118	138
times	35970	4444	4752
tip	21806	7401	7848
tisíc	173574	770	871
tisíce	39078	4043	4340
tisícky	30540	5305	5648
titul	129306	1073	1208
titulom	16160	9909	10418
titulov	32813	4889	5219
titulu	49338	3150	3409
tituly	29801	5434	5784
tj	65492	2277	2490
tk	92470	1573	1742
tlak	97423	1486	1650
tlakom	40019	3936	4230
tlaku	46039	3387	3660
tlač	28502	5681	6046
tlače	33507	4791	5116
tlači	17325	9269	9763
tlačovej	64894	2297	2511
tlačová	28250	5729	6099
tlačí	16736	9570	10069
tma	26462	6097	6481
tmavé	18755	8595	9071
tme	24896	6495	6901
tmy	24846	6506	6913
to	11408481	7	10
toho	1214156	81	96
tohto	737952	135	155
tohtoročné	16272	9826	10333
tom	1654015	63	77
tomto	745222	132	152
tomu	842107	113	132
tomuto	89153	1636	1812
tomáš	177297	748	848
tomáša	29421	5510	5861
ton	50258	3074	3332
tony	28261	5727	6096
top	38670	4098	4396
topoľčanoch	19897	8113	8582
topoľčany	98534	1468	1631
topoľčian	17661	9109	9599
topánky	31203	5196	5536
topľou	21223	7612	8071
totiž	594686	174	202
toto	601973	167	193
tou	63963	2338	2553
tour	49064	3163	3422
touto	90526	1615	1789
tovar	51812	2970	3223
tovarov	21444	7527	7982
tovaru	47242	3296	3565
toľko	174084	767	868
tradične	56033	2745	2980
tradičnej	18382	8782	9266
tradičné	37393	4249	4552
tradičný	19786	8159	8629
tradičných	25028	6451	6855
tradícia	24898	6494	6900
tradície	45070	3475	3750
tradíciu	32914	4875	5205
trafil	37958	4176	4478
tragédia	16224	9863	10371
traja	101465	1419	1576
trasa	16037	9976	10488
trase	18459	8744	9227
trasy	19736	8180	8650
trate	30739	5266	5609
trati	35087	4569	4881
trať	34045	4724	5046
treba	661738	151	176
trebišov	32969	4865	5195
trebárs	20692	7802	8266
trend	48152	3225	3488
trendy	20404	7911	8377
trenčín	155584	872	986
trenčína	28491	5684	6049
trenčíne	49536	3140	3398
trest	102923	1396	1552
trestnej	23404	6891	7319
trestnom	18162	8894	9381
trestné	69527	2147	2352
trestného	60363	2511	2734
trestný	36559	4375	4681
trestných	28534	5676	6041
trestu	37533	4225	4528
tresty	19804	8153	8623
tretej	92695	1565	1734
tretia	50533	3051	3306
tretie	68098	2191	2397
tretieho	53264	2892	3141
tretina	31719	5087	5425
tretine	49934	3102	3360
tretinu	28020	5773	6144
tretiny	46660	3343	3614
tretiu	34169	4711	5032
tretí	149168	907	1028
tretím	29384	5520	5872
treťom	71462	2077	2277
treťou	16032	9978	10490
trh	147734	919	1041
trhoch	47627	3263	3530
trhov	25694	6285	6681
trhu	286764	409	463
trhy	56292	2723	2955
tri	698235	142	165
tridsať	55238	2783	3022
tried	20159	8001	8469
trieda	70751	2099	2299
triede	39605	3983	4279
triedy	110656	1285	1434
trikrát	50345	3067	3324
trinásť	24054	6717	7139
tristo	20895	7725	8189
triumf	28680	5644	6008
trnava	171124	787	893
trnave	75436	1950	2142
trnavskej	20312	7954	8420
trnavského	17977	8965	9455
trnavský	18002	8956	9446
trnavy	32787	4897	5227
troch	341291	324	371
trocha	63722	2347	2562
trochu	346236	313	359
trofej	16823	9533	10032
trojica	19747	8178	8648
trojice	19066	8460	8936
trojky	16248	9850	10358
trom	19234	8405	8881
troma	30285	5347	5692
tromi	45921	3397	3671
trošku	59510	2556	2782
trpezlivosť	22422	7190	7628
trpia	16570	9652	10152
trpí	26037	6199	6591
trump	24741	6529	6939
trval	25885	6235	6628
trvala	25343	6365	6766
trvalo	64625	2310	2525
trvalé	16459	9710	10212
trvalý	21082	7656	8118
trvania	17843	9034	9524
trvať	45283	3453	3728
trvá	78615	1861	2049
trápi	31625	5106	5445
tráve	20647	7820	8284
trávnik	17907	9003	9493
trávniku	24134	6694	7114
trávy	18531	8708	9191
tréner	340385	326	373
trénera	128631	1078	1214
tréneri	30116	5373	5719
trénerom	44317	3528	3805
trénerov	29346	5527	5880
tréning	30587	5293	5636
tréningu	36904	4319	4624
tréningy	16333	9790	10296
trénovať	23274	6932	7362
tržby	37403	4246	4549
tržieb	18553	8696	9178
tu	1355329	74	89
turci	19628	8237	8709
turecka	19029	8472	8948
turecko	28165	5742	6112
turecku	19493	8293	8766
turisti	27965	5785	6156
turistov	55131	2799	3040
turnaj	95574	1514	1679
turnaja	88493	1654	1831
turnaji	76586	1915	2106
turné	28532	5677	6042
turčianske	18822	8568	9044
tuším	24881	6500	6907
tv	83719	1750	1932
tvar	30298	5341	5686
tvare	18492	8724	9207
tvoj	65873	2263	2476
tvoja	45443	3438	3712
tvoje	58308	2618	2847
tvojej	25294	6376	6776
tvojho	23751	6805	7228
tvojich	17903	9006	9496
tvoju	23313	6921	7351
tvorba	42494	3695	3976
tvorbe	65497	2276	2489
tvorbu	54421	2834	3079
tvorby	85242	1714	1896
tvorcov	20596	7850	8314
tvorcovia	20641	7825	8289
tvoria	93156	1556	1723
tvorili	41666	3776	4063
tvorivé	18783	8586	9062
tvoriť	30260	5353	5699
tvorí	73490	2017	2214
tvrdenia	25344	6364	6764
tvrdenie	27374	5892	6265
tvrdia	73017	2030	2227
tvrdil	58709	2597	2825
tvrdili	21440	7529	7984
tvrdiť	24002	6731	7154
tvrdo	39020	4054	4351
tvrdé	22739	7097	7532
tvrdí	279964	420	476
tvrdý	31617	5109	5448
tvár	187491	698	795
tváre	111770	1263	1412
tvári	91769	1587	1757
tvárou	46179	3372	3644
ty	317675	361	411
typ	75146	1958	2152
typické	24257	6656	7073
typický	16584	9642	10142
typov	20199	7985	8453
typu	101310	1424	1583
typy	36342	4402	4709
tá	407341	260	299
tábor	26125	6177	6567
tábora	35564	4493	4804
tábore	25474	6331	6730
táto	424835	249	283
tém	23960	6748	7172
téma	59650	2550	2776
téme	40274	3907	4200
témou	50284	3073	3331
tému	92797	1563	1732
témy	73282	2023	2220
tí	310698	370	420
tím	201704	624	713
tíme	63063	2371	2587
tímom	43922	3558	3835
tímov	49367	3148	3406
tímu	188599	688	785
tímy	55958	2750	2985
títo	64452	2315	2530
tón	23171	6968	7400
tónom	16164	9908	10417
tóth	45883	3405	3679
tú	251406	481	547
túto	417775	255	290
túžba	37165	4280	4585
túžbu	25823	6256	6652
túžby	27879	5808	6179
túži	20956	7706	8170
túžil	18689	8617	9097
tých	434901	245	277
týchto	483316	218	249
týka	140061	989	1117
týkajú	24127	6695	7116
týkajúce	38012	4167	4469
týkajúcich	17403	9228	9721
tým	1202135	84	99
tými	58780	2591	2819
týmito	52088	2958	3210
týmto	213223	584	665
týždenne	21625	7471	7923
týždenník	19216	8410	8886
týždenníka	16843	9524	10023
týždeň	339386	328	376
týždne	95230	1519	1684
týždni	56652	2705	2937
týždňa	133037	1044	1178
týždňami	27995	5780	6151
týždňoch	40193	3917	4211
týždňom	22475	7168	7605
týždňov	79349	1844	2029
u	926351	109	128
ubytovanie	44115	3545	3822
ucha	18401	8776	9260
uchádzačov	28156	5744	6114
uchádzať	20059	8041	8509
udalosti	112685	1253	1402
udalostí	50491	3052	3308
udalosť	48212	3219	3482
udelil	16101	9940	10451
udrel	19780	8160	8630
udržal	18555	8693	9175
udržali	18636	8642	9122
udržanie	21958	7338	7782
udržať	67792	2202	2410
udržiavať	18898	8525	9001
uefa	32965	4866	5196
uhla	16278	9824	10331
ujali	29265	5539	5896
ujsť	29051	5581	5943
uk	48952	3171	3430
ukazuje	83652	1752	1934
ukazujú	33754	4759	5082
ukončenie	26219	6152	6539
ukončení	31296	5172	5512
ukončil	33139	4840	5170
ukončila	16304	9807	10314
ukončili	20373	7923	8389
ukončiť	28675	5646	6010
ukradli	16266	9833	10340
ukradol	24361	6625	7041
ukrajina	36520	4378	4684
ukrajine	60706	2487	2710
ukrajinskej	16253	9844	10351
ukrajinský	16393	9746	10252
ukrajinu	27151	5945	6322
ukrajiny	49734	3124	3382
ukázal	102313	1407	1564
ukázala	49426	3147	3405
ukázali	62445	2402	2619
ukázalo	63631	2349	2564
ukázať	63367	2362	2577
ukáže	44595	3505	3782
ukážky	17471	9193	9685
ulica	34533	4651	4969
ulice	76510	1919	2110
ulici	222113	550	629
uliciach	44432	3517	3794
ulicu	37852	4186	4488
uložené	18825	8567	9043
ulíc	32030	5031	5367
um	40654	3872	4162
umelca	16249	9849	10357
umelci	23855	6771	7194
umelcov	37470	4234	4537
umelec	21401	7544	8000
umeleckej	34914	4600	4915
umelecké	31772	5079	5416
umeleckého	20215	7980	8448
umelecký	18680	8620	9100
umeleckých	26103	6184	6574
umelej	15991	9998	10510
umenia	101144	1428	1588
umenie	80162	1827	2011
umení	40711	3865	4155
umiestnenie	41537	3787	4074
umiestnené	17916	8999	9489
umiestnili	17689	9097	9587
umiestniť	16552	9663	10163
umožnil	16062	9959	10471
umožniť	19277	8384	8860
umožní	38242	4143	4445
umožňuje	87451	1681	1859
umožňujú	24950	6478	6884
unavený	17274	9295	9792
united	38480	4124	4423
university	20419	7906	8372
univerzita	46813	3328	3598
univerzite	52832	2916	3166
univerzity	132703	1047	1181
upjš	17252	9310	9807
uplatnenie	24907	6490	6896
uplatniť	29374	5521	5873
uplynulo	18075	8928	9417
uplynulom	21173	7627	8088
uplynulého	20220	7978	8446
uplynulý	24343	6629	7045
uplynulých	43070	3631	3910
upozornil	64129	2333	2548
upozornila	23120	6985	7417
upozorniť	24116	6699	7120
upozorňuje	66303	2250	2462
upozorňujú	20099	8027	8495
upravil	16426	9734	10237
upraviť	21626	7470	7922
upravuje	16620	9619	10118
uprostred	74874	1967	2162
urban	27236	5924	6300
urobia	18578	8679	9160
urobil	144772	945	1067
urobila	61432	2454	2676
urobili	100691	1433	1593
urobiť	241511	497	566
urobí	51139	3007	3261
urobím	21505	7505	7958
urobíme	22346	7224	7663
určenie	17014	9434	9932
určená	32891	4878	5208
určené	62417	2407	2625
určený	39971	3940	4234
určených	23254	6945	7375
určite	428566	246	278
určitej	27890	5805	6176
určité	56551	2711	2943
určitú	30022	5388	5735
určitý	35182	4550	4861
určitých	29884	5413	5762
určiť	36700	4356	4661
určuje	27392	5890	6263
určí	16485	9695	10196
us	31269	5177	5517
usa	471424	227	258
usd	139572	992	1121
usiloval	25627	6302	6699
usiluje	23775	6798	7221
uskutočnia	23047	7009	7442
uskutočnil	40771	3857	4147
uskutočnila	32201	5000	5334
uskutočnili	27117	5954	6331
uskutočnilo	34739	4624	4941
uskutočniť	39499	3992	4288
uskutoční	113084	1247	1396
usmial	54816	2818	3061
usmiala	42644	3673	3953
uspokojiť	18171	8889	9375
usporiadanie	17645	9117	9607
ustanovenia	25466	6332	6731
ustavične	34177	4710	5031
utečencov	32079	5023	5359
utorok	203064	617	706
utrpel	24229	6667	7084
utrpenia	16907	9486	9985
utrpenie	25945	6219	6611
uvažoval	24370	6623	7039
uvažovať	30826	5252	5593
uvažuje	31627	5104	5443
uvedenej	16635	9608	10107
uvedená	16801	9546	10045
uvedené	73056	2028	2225
uvedeného	24718	6536	6946
uvedený	28015	5775	6146
uvedených	39268	4018	4315
uvedie	16630	9613	10112
uvedomil	49363	3149	3407
uvedomila	31509	5129	5469
uvedomiť	40024	3934	4228
uvedomuje	22006	7325	7768
uveriť	21449	7526	7981
uvidel	28235	5733	6103
uvidí	18287	8841	9327
uvidíme	51632	2979	3233
uviedla	140990	979	1106
uviedli	46167	3374	3646
uviedlo	20732	7784	8248
uviedol	356866	303	347
uviesť	39421	4001	4297
uvádza	128274	1082	1219
uvádzajú	23263	6940	7370
uzatvára	21000	7686	8150
uzavrel	47036	3311	3580
uzavrela	17856	9027	9517
uzavreli	17876	9017	9507
uzavrieť	19278	8382	8858
uznal	18848	8552	9028
uznanie	28391	5709	6076
uznať	20627	7836	8300
uznesenia	19755	8173	8643
uznesenie	27746	5831	6202
učenia	21635	7467	7919
učenie	22975	7022	7456
učia	19751	8176	8646
učil	21726	7432	7880
učili	17002	9440	9939
učitelia	43451	3597	3874
učiteľ	54872	2815	3058
učiteľa	33359	4810	5137
učiteľka	29150	5562	5921
učiteľom	19587	8256	8728
učiteľov	64893	2298	2512
učiť	47450	3281	3549
učí	27728	5835	6206
ušetriť	22474	7169	7606
uši	27285	5911	6285
ušiel	25999	6207	6599
už	4920389	21	31
užitočné	18709	8609	9088
užívať	16025	9979	10491
v	37147059	2	4
vajíčka	16060	9962	10474
vakcíny	23742	6811	7234
vami	68388	2183	2388
van	49667	3130	3388
varga	43367	3604	3881
vari	69776	2139	2343
variant	21609	7473	7925
varoval	19312	8364	8840
vatikán	29092	5573	5935
vaša	75303	1953	2145
vaše	126811	1092	1230
vašej	62191	2417	2636
vaši	17033	9423	9921
vašich	45109	3471	3746
vašom	31516	5128	5468
vašu	43250	3612	3889
vaším	16204	9878	10387
vcelku	20018	8062	8530
ve	26576	6068	6451
vec	169335	799	905
veci	405190	264	303
veciach	46277	3366	3637
vecou	22366	7213	7652
vecí	209115	595	677
veda	37215	4271	4576
vedci	56746	2698	2930
vedcov	27997	5779	6150
vedeckej	30584	5294	5637
vedecké	25963	6215	6607
vedeckého	20037	8055	8523
vedecký	16864	9509	10008
vedeckých	39967	3941	4235
vedel	193642	659	753
vedela	92114	1581	1750
vedeli	109320	1308	1458
vedenia	145065	942	1064
vedenie	183224	715	813
vedení	27424	5881	6254
vedením	104050	1374	1529
vedia	112970	1249	1398
vedie	128595	1080	1216
vedieť	162994	829	940
vedomia	26511	6087	6470
vedomie	51606	2981	3235
vedomosti	33425	4805	5131
vedomostí	18692	8614	9094
vedomí	20417	7907	8373
vedu	20287	7961	8427
vedy	77789	1884	2073
vedú	41835	3763	4047
vedúca	34222	4705	5026
vedúceho	27148	5946	6323
vedúci	94387	1536	1703
vedúcich	21380	7552	8009
vedúcim	17783	9060	9550
vedľa	145308	941	1063
vek	66989	2226	2435
vekom	16211	9870	10379
veku	209193	594	676
veliteľ	31495	5132	5472
venoval	56964	2684	2916
venovala	23841	6775	7198
venovali	35084	4571	4883
venovaná	17598	9143	9633
venovať	86814	1696	1876
venuje	80932	1812	1996
venujú	29821	5428	5778
verdikt	18499	8721	9204
verejne	52724	2924	3174
verejnej	112443	1254	1403
verejnom	38557	4115	4414
verejnosti	133633	1039	1173
verejnosť	107081	1339	1491
verejnosťou	18308	8829	9314
verejná	23922	6757	7180
verejné	81263	1802	1986
verejného	98227	1471	1634
verejnú	27793	5822	6193
verejný	33127	4842	5172
verejných	92313	1578	1747
veria	24728	6532	6942
veriaci	38969	4061	4358
veriacich	49847	3108	3366
veril	24708	6537	6947
verili	18483	8731	9214
veriť	55319	2778	3016
verný	16498	9689	10190
veronika	42682	3669	3949
veru	76953	1904	2095
verzia	29825	5427	5777
verzie	24233	6663	7080
verzii	20390	7916	8382
verziu	25808	6262	6658
verí	48060	3231	3495
verím	115784	1209	1357
veríme	33123	4845	5175
verše	16657	9600	10099
ves	144428	949	1071
veselo	25113	6420	6823
veselé	19595	8249	8721
vesmíru	24183	6687	7107
veta	24799	6515	6924
vetra	21491	7511	7964
vetu	19996	8076	8544
vety	27222	5926	6303
vezme	21491	7512	7965
večer	291850	397	450
večera	57507	2659	2891
večeri	17479	9188	9679
večeru	33620	4778	5102
večne	23421	6885	7313
večný	20006	8071	8539
veď	370639	287	329
veľa	594734	173	201
veľkej	203236	616	704
veľkom	63739	2346	2561
veľkosti	37030	4299	4604
veľkosť	34502	4656	4974
veľkou	83432	1756	1938
veľká	203295	615	703
veľké	335415	337	385
veľkého	86515	1700	1880
veľkú	168217	806	914
veľký	322001	355	405
veľkých	117664	1189	1333
veľkým	104017	1378	1533
veľkými	31215	5191	5531
veľmi	1650815	64	78
veľvyslanec	20329	7946	8412
veže	20809	7760	8224
vhodná	20249	7969	8436
vhodné	84997	1717	1899
vhodný	31344	5167	5507
viac	1572883	67	81
viacej	24397	6610	7026
viacero	112155	1259	1408
viaceré	97654	1479	1643
viacerí	63327	2364	2579
viacerých	174859	761	862
viacerým	16528	9673	10174
viacerými	32676	4913	5244
viackrát	48899	3177	3436
vianoc	19640	8228	8700
vianoce	58783	2590	2818
vianočné	31791	5077	5414
vianočný	26102	6185	6575
vianočných	18258	8849	9335
viceprezident	18074	8929	9418
videl	202865	619	708
videla	82237	1779	1962
videli	115195	1219	1367
videlo	16254	9843	10350
video	55681	2764	2999
vidia	36860	4325	4630
vidieka	17839	9039	9529
vidieť	230476	525	598
vidno	37094	4289	4594
vidí	93585	1547	1714
vidím	78076	1872	2061
vidíme	47533	3269	3536
vidíte	36768	4338	4643
vidíš	24995	6465	6870
vie	217894	569	648
vied	65675	2270	2483
viedeň	26924	6000	6380
viedla	44627	3501	3778
viedli	80539	1820	2004
viedlo	24606	6563	6975
viedne	20918	7713	8177
viedni	38713	4090	4388
viedol	83396	1757	1939
viem	223479	544	622
vieme	116599	1199	1346
viera	68232	2187	2392
viere	28150	5748	6118
vieru	43046	3636	3915
viery	70313	2117	2320
viesť	88888	1643	1819
viete	119459	1168	1310
vietor	72045	2061	2261
vieš	96651	1498	1662
viktor	47136	3304	3573
viliam	36509	4379	4685
vincent	18948	8510	8986
vine	18819	8571	9047
vinu	23412	6888	7316
viny	29460	5504	5854
vion	21864	7377	7822
vk	16188	9891	10400
vladimír	170819	789	895
vladimíra	49818	3113	3371
vlado	18865	8545	9021
vlak	38920	4067	4364
vlakom	16757	9562	10061
vlaku	28193	5740	6110
vlaky	17638	9123	9613
vlani	210653	591	672
vlasmi	18627	8649	9129
vlasov	29517	5489	5839
vlasti	31086	5216	5557
vlastne	305976	375	426
vlastnej	119973	1165	1307
vlastnom	32591	4922	5255
vlastnosti	50869	3031	3285
vlastností	20130	8015	8483
vlastnou	31452	5140	5480
vlastná	19841	8137	8607
vlastné	153363	891	1007
vlastného	73868	2001	2198
vlastní	42313	3712	3994
vlastníctva	35403	4518	4829
vlastníctve	18894	8527	9003
vlastník	16047	9971	10483
vlastníkom	21635	7468	7920
vlastníkov	21703	7439	7887
vlastnú	89182	1635	1811
vlastný	98574	1467	1630
vlastných	112401	1255	1404
vlastným	53036	2897	3147
vlastnými	29014	5588	5950
vlasy	91933	1583	1753
vlk	21409	7541	7997
vlna	32349	4964	5298
vlnu	16986	9451	9949
vlny	36825	4330	4635
vložil	18429	8757	9240
vlád	19039	8467	8943
vláda	357128	302	346
vláde	81199	1806	1990
vládna	22431	7185	7623
vládne	48550	3198	3460
vládneho	17877	9016	9506
vládnej	43835	3572	3849
vládny	19384	8334	8809
vládnych	25311	6373	6773
vládou	38439	4127	4427
vládu	75986	1934	2125
vlády	428390	247	279
vníma	34316	4693	5014
vnímajú	22790	7080	7515
vnímanie	18705	8610	9089
vnímať	35643	4483	4794
vnútornej	23802	6785	7208
vnútorné	29716	5453	5803
vnútorného	21004	7685	8149
vnútorný	22847	7063	7498
vnútorných	20024	8058	8526
vnútra	111112	1277	1426
vnútri	66307	2249	2461
vo	3535779	30	40
voda	128802	1074	1210
vodca	22324	7230	7669
vodcu	17976	8966	9456
vode	60851	2480	2702
vodič	58730	2595	2823
vodiča	28062	5764	6134
vodiči	30663	5282	5625
vodičov	35804	4465	4774
vodné	22996	7017	7451
vodného	17098	9383	9881
vodných	22618	7128	7564
vodou	77453	1889	2079
vodu	89720	1630	1805
vody	227465	538	614
vojaci	62735	2386	2603
vojak	26108	6181	6571
vojakov	86526	1699	1879
vojenskej	45195	3464	3739
vojenská	17343	9257	9751
vojenské	34629	4637	4954
vojenského	24672	6545	6956
vojenskú	19489	8294	8767
vojenský	22048	7314	7757
vojenských	28674	5647	6011
vojna	70223	2121	2324
vojne	79092	1849	2034
vojnou	21855	7380	7825
vojnových	16025	9980	10492
vojnu	44768	3491	3768
vojny	158341	855	969
vojsk	16353	9773	10279
vojtech	21243	7604	8063
volajú	21977	7333	7776
volal	35804	4466	4775
volala	20577	7855	8320
volali	24377	6619	7035
volať	25298	6375	6775
volebnej	25415	6346	6746
volebnom	19332	8354	8829
volebná	16301	9810	10317
volebné	26542	6075	6459
volebného	29048	5582	5944
volebný	19573	8263	8735
volebných	25770	6268	6664
volejbal	16094	9941	10453
volieb	124927	1112	1251
voliči	27372	5893	6266
voličov	81875	1789	1973
voliť	39807	3962	4256
volkswagen	24120	6696	7117
volá	68418	2182	2387
von	127029	1089	1227
vonkajšie	18328	8817	9302
vonku	90433	1617	1791
vopred	73837	2003	2200
vozidiel	73870	1999	2197
vozidla	53393	2885	3134
vozidlo	42242	3721	4003
vozidlá	34780	4614	4930
voči	311349	369	419
voľba	28492	5683	6048
voľbami	51208	3003	3257
voľbe	17485	9185	9676
voľbu	17495	9179	9670
voľby	142848	962	1087
voľbách	152394	896	1013
voľne	34098	4718	5040
voľno	55437	2774	3011
voľnom	18642	8638	9118
voľné	36428	4389	4696
voľného	44564	3508	3785
voľný	61703	2439	2660
voľných	21869	7376	7821
vošiel	45056	3476	3751
vošla	21683	7447	7897
vošli	17203	9333	9831
vplyv	144345	950	1072
vplyvom	65070	2287	2500
vplyvu	31358	5159	5499
vpravo	31657	5099	5437
vpred	25607	6306	6703
vpredu	20872	7738	8202
vracajú	18600	8670	9150
vracal	16794	9550	10049
vracať	17328	9266	9760
vracia	51282	3001	3255
vraj	295971	391	443
vranov	29434	5507	5858
vravel	47510	3274	3541
vravela	17663	9107	9597
vraví	101408	1421	1579
vravím	21787	7409	7856
vražda	20206	7982	8450
vraždu	22618	7129	7565
vraždy	44169	3538	3815
vrch	20292	7958	8424
vrchol	39049	4049	4346
vrchole	19442	8315	8790
vrchu	22027	7317	7760
vrecka	35580	4489	4800
vrstiev	16053	9967	10479
vrstvy	26316	6132	6517
vráble	27522	5867	6240
vrátane	207140	599	682
vráti	60325	2512	2735
vrátia	21413	7539	7995
vrátil	158412	854	968
vrátila	62438	2403	2620
vrátili	65449	2278	2491
vrátim	20844	7749	8213
vrátiť	130381	1066	1201
vrútky	19768	8164	8634
vsi	48037	3232	3496
vstal	45867	3408	3682
vstala	21189	7620	8080
vstup	103830	1381	1537
vstupe	41748	3771	4056
vstupenky	19894	8118	8587
vstupné	29119	5568	5929
vstupom	21343	7567	8024
vstupu	34512	4654	4972
vstupuje	18307	8830	9315
vstúpil	36737	4351	4656
vstúpila	18302	8834	9319
vstúpili	28312	5719	6088
vstúpiť	35720	4477	4787
vsž	23263	6941	7371
vtedajšieho	16931	9476	9975
vtedajší	25543	6316	6714
vtedy	595807	171	198
vtom	36386	4395	4702
vtákov	17757	9071	9561
vtáky	16822	9535	10034
vy	264486	445	508
vybavenie	31972	5038	5375
vybavené	16349	9776	10282
vybaviť	23171	6969	7401
vyberať	28126	5754	6124
vyberie	21238	7607	8066
vybojoval	23811	6782	7205
vybojovali	20788	7766	8230
vybral	76073	1932	2123
vybrala	37451	4239	4542
vybrali	57380	2663	2895
vybrané	21838	7389	7834
vybraných	36210	4415	4723
vybrať	74164	1992	2187
vybudovanie	26089	6188	6578
vybudovať	37533	4226	4529
vychádza	77790	1883	2072
vychádzajú	23231	6952	7382
vychádzal	17428	9218	9710
vychádzali	20728	7787	8251
vychádzať	25160	6404	6807
vydal	65581	2274	2487
vydala	43587	3587	3864
vydali	34095	4719	5041
vydania	25055	6437	6840
vydanie	58932	2582	2810
vydané	16742	9566	10065
vydaní	29060	5579	5941
vydavateľstva	25043	6444	6847
vydavateľstvo	32960	4868	5198
vydať	41984	3746	4030
vydržať	19345	8350	8825
vydrží	17844	9033	9523
vydá	17682	9100	9590
vydáva	28544	5671	6036
vydávať	18632	8645	9125
vyhlasuje	16326	9794	10300
vyhlásenia	38643	4103	4401
vyhlásenie	63546	2355	2570
vyhlásení	52890	2911	3161
vyhlásil	180948	729	827
vyhlásila	47259	3294	3563
vyhlásili	33795	4754	5077
vyhlásiť	16607	9627	10127
vyhnúť	42098	3734	4017
vyhodnotenie	18077	8926	9415
vyhovuje	24041	6721	7143
vyhral	97553	1481	1645
vyhrala	47175	3299	3568
vyhrali	101012	1429	1589
vyhrať	70582	2109	2311
vyjadrenia	44803	3487	3764
vyjadrenie	38617	4106	4404
vyjadrení	21287	7584	8042
vyjadril	94512	1534	1701
vyjadrila	21979	7331	7774
vyjadrili	29622	5474	5824
vyjadriť	59686	2547	2773
vyjadrovať	24962	6473	6879
vyjadruje	35015	4582	4895
vyjde	40623	3876	4166
vyjsť	31140	5209	5549
vykonal	18317	8822	9307
vykonali	17097	9384	9882
vykonať	30483	5314	5657
vykonáva	32465	4945	5278
vykonávajú	18862	8548	9024
vykonávať	42076	3736	4019
vylúčenia	16255	9842	10349
vylúčené	23854	6773	7196
vylúčení	48691	3191	3451
vylúčiť	21362	7559	8016
vymenili	21166	7632	8093
vymeniť	24233	6664	7081
vymyslel	17144	9358	9856
vynikajúce	18317	8823	9308
vynikajúci	25475	6330	6729
vyplýva	121317	1151	1291
vypočuť	20619	7839	8303
vypracoval	16567	9657	10157
vypracovali	24890	6499	6905
vypracovať	19353	8345	8820
vyrazil	34914	4601	4916
vyriešiť	47790	3252	3519
vyrobiť	19236	8404	8880
vyrovnal	40983	3831	4120
vyrovnali	31394	5154	5494
vyrovnanie	24561	6577	6990
vyrovnané	20008	8068	8536
vyrovnaný	30788	5257	5599
vyrovnať	63265	2365	2580
vyrába	24697	6540	6951
vyrábať	25870	6239	6633
vysielania	26704	6041	6423
vysielanie	33438	4803	5129
vyskočil	23786	6793	7216
vyskytuje	20550	7864	8329
vyskytujú	18329	8815	9300
vyskúšať	27765	5827	6198
vyslovene	17298	9282	9777
vyslovil	34872	4606	4921
vysloviť	17334	9262	9756
vysokej	86623	1698	1878
vysoko	84881	1721	1903
vysokou	25841	6250	6645
vysoká	74994	1963	2157
vysoké	119677	1167	1309
vysokého	24623	6556	6968
vysokú	55226	2786	3026
vysoký	74677	1971	2166
vysokých	91368	1592	1765
vysokým	31108	5212	5553
vystavené	16042	9974	10486
vystrelil	19902	8108	8577
vystupuje	21582	7484	7936
vystúpenia	30080	5378	5724
vystúpenie	45407	3446	3721
vystúpení	30185	5362	5708
vystúpi	21940	7347	7791
vystúpil	37224	4270	4575
vystúpili	23110	6988	7420
vystúpiť	19848	8134	8604
vysvetlenie	37370	4254	4558
vysvetlil	90586	1614	1788
vysvetlila	32426	4952	5285
vysvetliť	62436	2404	2622
vysvetľoval	27119	5953	6330
vysvetľovať	19906	8107	8576
vysvetľuje	110458	1289	1438
vytiahol	46129	3377	3649
vytvorenie	57178	2676	2908
vytvorené	21743	7427	7875
vytvoril	50880	3028	3282
vytvorila	30131	5372	5718
vytvorili	74104	1994	2189
vytvoriť	112780	1252	1401
vytvorí	22815	7075	7510
vytvára	59506	2557	2783
vytvárajú	34877	4605	4920
vytváranie	19102	8451	8927
vytvárať	36308	4407	4714
vyučovania	20162	8000	8468
vyučovanie	20953	7708	8172
využil	43597	3585	3862
využili	47872	3245	3511
využitia	24210	6677	7094
využitie	44594	3506	3783
využitím	17414	9223	9716
využiť	114136	1235	1384
využíva	62678	2390	2607
využívajú	54295	2841	3088
využívali	19252	8397	8873
využívania	17798	9057	9547
využívanie	28125	5755	6125
využívať	61634	2441	2662
vyvolal	20810	7759	8223
vyvolala	16091	9946	10458
vyvolalo	16907	9487	9986
vyvolať	23168	6975	7406
vyvoláva	32328	4968	5302
vyvíja	17058	9405	9904
vyzerajú	17239	9319	9817
vyzeral	40536	3887	4177
vyzerala	30274	5348	5693
vyzerali	19042	8466	8942
vyzeralo	39147	4035	4332
vyzerať	37774	4194	4497
vyzerá	106983	1340	1492
vyzval	50910	3023	3277
vyzvala	17070	9396	9895
vyzýva	24216	6675	7092
vyčítať	16354	9772	10278
vyše	271541	434	494
vyšetrenia	17155	9352	9850
vyšetrenie	27651	5848	6220
vyšetrovania	38226	4145	4447
vyšetrovanie	44136	3543	3820
vyšetrovateľ	33908	4739	5061
vyšetruje	17617	9130	9620
vyšiel	95404	1516	1681
vyšla	67343	2213	2422
vyšli	52761	2919	3169
vyšlo	46960	3319	3588
vyššej	32538	4933	5266
vyššia	45130	3466	3741
vyššie	156319	869	983
vyššiu	36421	4391	4698
vyšší	60517	2497	2720
vyšších	34575	4644	4962
vyšším	17134	9362	9860
vyžaduje	80874	1814	1998
vyžadujú	22661	7119	7555
vzadu	23609	6840	7265
vzal	79532	1840	2025
vzala	36341	4403	4710
vzali	30461	5317	5660
vzdal	25157	6405	6808
vzdať	31387	5157	5497
vzdelania	21361	7560	8017
vzdelanie	55148	2795	3036
vzdelávania	78768	1857	2044
vzdelávanie	55861	2755	2990
vzdialenosti	31252	5181	5521
vzdialenosť	24807	6514	6923
vzdialené	16142	9915	10425
vzduch	48666	3193	3454
vzduchu	89759	1629	1804
vzdychla	16502	9687	10188
vzdychol	18623	8654	9134
vzhľad	18548	8698	9180
vzhľadom	175725	755	856
vziať	47405	3283	3551
vznik	58985	2577	2805
vznikajú	31012	5228	5569
vznikla	90823	1608	1782
vznikli	42346	3706	3987
vzniklo	34780	4615	4931
vznikne	26687	6045	6427
vzniknúť	27022	5976	6353
vznikol	66605	2239	2450
vzniku	111492	1269	1418
vzniká	50734	3037	3291
vzor	21113	7648	8109
vzoriek	17918	8995	9485
vzorky	21350	7565	8022
vzorom	17411	9224	9717
vzrástla	20372	7924	8390
vzrástli	20608	7847	8311
vzrástol	30944	5239	5580
vzácne	23545	6859	7285
vzájomne	27908	5802	6173
vzájomnej	31176	5201	5541
vzájomné	29600	5480	5830
vzájomných	19623	8238	8710
vzápätí	91839	1586	1756
vzťah	155332	874	988
vzťahoch	33524	4790	5115
vzťahov	97423	1487	1651
vzťahu	141075	978	1104
vzťahuje	18412	8770	9254
vzťahy	132884	1045	1179
václav	29128	5567	5926
váhom	45200	3463	3738
váhu	31398	5153	5493
váhy	16771	9559	10058
vám	635481	156	182
vás	630279	158	184
váš	106955	1341	1493
vášho	55593	2768	3003
vážne	153438	890	1005
vážny	29151	5561	5920
väzbe	22276	7243	7682
väzby	47186	3298	3567
väzenia	47047	3309	3578
väzenie	18306	8831	9316
väzení	29861	5419	5769
väzňov	21230	7610	8069
väčšej	40653	3873	4163
väčšia	44369	3523	3800
väčšie	84892	1720	1902
väčšieho	17685	9098	9588
väčšina	220559	560	639
väčšine	54349	2840	3086
väčšinou	140082	988	1116
väčšinu	92512	1570	1739
väčšiny	37341	4258	4562
väčšiu	65160	2286	2499
väčšmi	59883	2537	2762
väčší	88987	1640	1816
väčších	35132	4557	4868
väčším	21222	7613	8072
víkend	89477	1633	1809
víkendu	32598	4921	5254
vína	60323	2513	2736
víno	52998	2900	3150
vírus	20774	7773	8237
víťaz	65060	2288	2501
víťaza	32277	4981	5315
víťazi	22056	7309	7752
víťazného	17404	9226	9719
víťazný	27307	5904	6278
víťazom	47618	3264	3531
víťazov	32493	4938	5271
víťazstva	42642	3675	3955
víťazstve	46601	3347	3618
víťazstvo	173305	773	875
víťazstvom	30336	5335	5679
víťazstvu	19550	8271	8743
víťazstvá	22368	7211	7650
vôbec	474728	221	252
vôd	32782	4899	5229
vôle	38873	4074	4371
vôli	22020	7322	7765
vôľa	23751	6806	7229
vôľu	27741	5833	6204
vôňa	19927	8100	8568
vôňu	17995	8957	9447
vúb	23266	6938	7368
vúc	18923	8516	8992
výber	125800	1100	1238
výbere	37426	4240	4543
výberom	16320	9799	10305
výberové	19155	8432	8908
výberu	54880	2814	3057
výbor	65842	2265	2478
výborne	61030	2473	2695
výborná	16052	9968	10480
výborné	28648	5652	6016
výbornú	18670	8628	9108
výborný	37265	4265	4570
výboru	108071	1327	1478
výbuch	19672	8211	8682
výbuchu	18842	8558	9034
východ	58320	2617	2846
východe	57297	2668	2900
východisko	17023	9430	9928
východnej	58607	2602	2830
východnom	23932	6755	7178
východného	24393	6611	7027
východu	34249	4702	5023
výchova	26558	6072	6455
výchove	20051	8049	8517
výchovu	25030	6448	6853
výchovy	49635	3132	3390
výdavkov	52300	2947	3199
výdavky	75296	1954	2146
výhodné	25063	6434	6837
výhodou	34263	4700	5021
výhodu	34218	4707	5028
výhody	46707	3338	3609
výhra	16677	9590	10089
výhradne	18091	8921	9410
výhrady	24982	6469	6874
výhre	16934	9472	9971
výhru	21374	7556	8013
výhry	20969	7699	8163
výhľad	32167	5004	5340
výklad	21011	7678	8142
výkon	193367	661	757
výkone	37361	4255	4559
výkonnosť	18845	8553	9029
výkonný	26889	6010	6390
výkonom	57309	2667	2899
výkonov	20044	8050	8518
výkonu	61969	2428	2648
výkony	62435	2405	2623
výlet	25043	6445	6848
výlučne	45403	3447	3722
výmena	26981	5990	6368
výmene	20317	7951	8417
výmenu	28202	5737	6107
výmeny	22021	7320	7763
výnimkou	63444	2359	2574
výnimku	18660	8631	9111
výnimky	24084	6707	7129
výnimočne	17070	9397	9894
výnimočné	21519	7502	7955
výnimočný	19802	8154	8624
výnos	20005	8073	8541
výnosy	26504	6089	6472
výpovede	31141	5208	5548
výpoveď	33351	4814	5141
výpravy	20897	7723	8187
výraz	56754	2697	2929
výrazne	171232	784	890
výraznejšie	30415	5328	5671
výrazné	32280	4980	5314
výrazný	31401	5151	5491
výrazným	16228	9860	10368
výrazom	23112	6987	7419
výroba	47459	3280	3548
výrobca	35019	4580	4893
výrobcov	32556	4928	5261
výrobcovia	23732	6814	7237
výrobcu	20916	7714	8178
výrobe	37012	4305	4610
výrobkov	58379	2614	2842
výrobky	50251	3076	3334
výrobných	20287	7962	8428
výrobu	79614	1838	2023
výroby	96645	1499	1663
výrok	21340	7568	8025
výroky	18164	8893	9380
výročia	52000	2962	3214
výročie	75735	1941	2133
výskum	90149	1624	1799
výskume	20401	7912	8378
výskumu	98988	1458	1621
výskumy	16252	9846	10353
výskyt	28049	5767	6137
výsledkami	22193	7273	7714
výsledkoch	22934	7035	7470
výsledkom	123476	1128	1267
výsledkov	99519	1451	1613
výsledku	52198	2950	3202
výsledky	365246	295	337
výsledok	197387	644	738
výstava	107465	1335	1486
výstavba	42181	3726	4008
výstavbe	32388	4959	5292
výstavbou	20209	7981	8449
výstavbu	64261	2329	2544
výstavby	76916	1906	2097
výstave	26235	6148	6535
výstavu	45918	3398	3672
výstavy	76157	1928	2119
výstup	22448	7177	7615
výtvarné	17353	9251	9745
výtvarného	17450	9205	9697
výtvarných	18678	8622	9102
vývoj	150821	902	1021
vývoja	81125	1809	1993
vývoji	32931	4870	5200
vývojom	17319	9273	9767
vývoz	16903	9490	9989
význam	143164	958	1083
význame	17642	9119	9609
významne	24554	6578	6991
významné	51283	3000	3254
významnú	22072	7305	7748
významný	35453	4508	4819
významných	36704	4355	4660
významným	25516	6320	6719
významu	29181	5556	5914
výzva	31500	5130	5470
výzvou	20711	7796	8261
výzvu	35259	4537	4848
výzvy	37758	4196	4499
výška	71366	2080	2280
výške	217375	573	652
výšku	53579	2876	3124
výšky	76922	1905	2096
včas	32484	4941	5274
včera	358245	301	345
vďaka	407191	261	300
vľavo	34400	4681	4999
všade	117972	1182	1326
však	3209257	38	48
všeličo	25790	6266	6662
všeobecne	77251	1897	2088
všeobecnej	24415	6606	7022
všeobecnosti	33947	4732	5054
všeobecná	16475	9700	10202
všeobecné	26251	6144	6531
všetci	554204	192	220
všetko	1096928	92	108
všetkom	59435	2562	2789
všetku	21802	7404	7851
všetky	816887	117	136
všetkého	80392	1823	2007
všetkému	31688	5095	5433
všetkých	725430	137	159
všetkým	215844	574	653
všetkými	66824	2233	2443
všetok	18827	8565	9041
všimla	23974	6740	7163
všimli	20148	8008	8476
všimol	45342	3451	3726
vždy	759280	129	149
w	19467	8305	8780
washington	55262	2781	3020
washingtone	16980	9455	9953
web	30578	5296	5639
webe	27027	5974	6351
webovej	26052	6196	6587
weiss	27067	5965	6356
west	19537	8275	8748
who	18455	8746	9229
william	17229	9323	9821
windows	25859	6247	6641
with	18059	8936	9426
world	24572	6571	6985
wta	18041	8947	9436
x	112101	1260	1409
y	30269	5349	5695
york	71336	2083	2283
yorku	55210	2789	3029
you	22347	7223	7662
z	11164869	8	12
za	5897291	16	25
zabezpečenia	27641	5849	6221
zabezpečenie	62629	2394	2611
zabezpečil	19635	8230	8702
zabezpečili	20190	7988	8456
zabezpečiť	95255	1518	1683
zabezpečuje	41944	3749	4033
zabezpečí	22308	7235	7674
zabil	30792	5256	5598
zabili	25209	6397	6799
zabiť	29843	5426	5776
zabrániť	51823	2967	3220
zabudla	18861	8549	9025
zabudli	21265	7593	8052
zabudnúť	41083	3824	4113
zabudol	35776	4470	4780
zachoval	16482	9698	10199
zachovali	17446	9206	9698
zachovanie	23915	6759	7182
zachovať	34763	4619	4935
zachránil	25799	6263	6659
zachrániť	40600	3879	4169
zachytil	18827	8566	9042
zachytiť	20153	8007	8475
zadarmo	60423	2501	2724
zadnej	20727	7788	8252
zadné	16360	9767	10273
zadržala	17363	9249	9743
zadržali	26200	6158	6545
zahral	22389	7200	7638
zahrali	17335	9261	9755
zahraničia	89420	1634	1810
zahraničnej	31677	5096	5434
zahraničné	38077	4157	4459
zahraničného	23627	6836	7260
zahraniční	20105	8023	8491
zahraničných	167707	809	917
zahraničí	115832	1208	1356
zahrať	23786	6794	7217
zahynul	17572	9152	9642
zahynulo	23528	6862	7288
zahľadel	17295	9283	9778
zahŕňa	35331	4531	4842
zajac	23698	6822	7246
zajtra	118205	1181	1324
zakaždým	40866	3847	4137
zakladateľ	16019	9982	10494
zakončil	19793	8157	8627
zakrátko	16332	9791	10297
zakázané	25778	6267	6663
založenia	23715	6819	7242
založená	25619	6304	6701
založené	23567	6853	7279
založený	24780	6521	6932
založil	36834	4329	4634
založili	24080	6709	7130
založiť	19002	8486	8962
zameraná	24225	6670	7087
zamerané	39597	3985	4281
zameraním	20725	7791	8255
zameraný	24076	6710	7131
zamerať	18103	8917	9405
zameriava	19840	8139	8609
zamestnanca	31577	5120	5460
zamestnancami	16692	9586	10085
zamestnanci	71482	2076	2276
zamestnancom	33155	4837	5167
zamestnancov	193299	663	759
zamestnanec	34685	4631	4948
zamestnania	32126	5014	5350
zamestnanie	39118	4038	4335
zamestnanosti	29805	5432	5782
zamestnaní	19673	8209	8680
zamestnávatelia	16628	9615	10114
zamestnávateľ	33373	4808	5134
zamestnávateľa	27040	5971	6348
zamestnávateľov	23415	6886	7314
zamieril	19298	8371	8847
zanechal	19419	8325	8800
zaoberať	48226	3215	3478
zaoberá	38469	4125	4424
zaplatia	17351	9253	9747
zaplatil	23581	6850	7276
zaplatili	18145	8899	9387
zaplatiť	69841	2138	2342
zaplatí	32153	5009	5345
zapojili	22173	7282	7723
zapojiť	30553	5303	5646
zapísal	16133	9921	10431
zaradenie	16585	9640	10140
zaradil	18500	8718	9201
zaradiť	27469	5875	6248
zariadenia	114264	1233	1382
zariadeniach	28154	5745	6115
zariadenie	68051	2194	2401
zariadení	113159	1243	1392
zarobiť	19131	8441	8917
zas	93085	1557	1724
zasa	143072	960	1085
zasadnutia	21149	7637	8098
zasadnutie	31331	5168	5508
zasadnutí	52789	2917	3167
zase	166222	814	922
zasiahla	24008	6730	7153
zasiahli	16185	9894	10403
zasiahnuť	20220	7979	8447
zasiahol	25392	6350	6750
zaslúžene	35303	4534	4845
zaslúži	23784	6795	7218
zaslúžil	17446	9207	9699
zaslúžili	19137	8439	8915
zasmial	30303	5340	5685
zasmiala	20075	8039	8507
zastal	36759	4344	4649
zastavenie	22095	7298	7741
zastavil	49462	3144	3402
zastavila	25181	6398	6801
zastavili	25899	6230	6623
zastaviť	53556	2878	3126
zastaví	16120	9930	10441
zastupiteľstva	62484	2401	2618
zastupiteľstve	20246	7970	8437
zastupiteľstvo	37644	4210	4513
zastúpenie	34576	4643	4961
zatiaľ	598658	169	196
zatkli	18413	8768	9252
zato	45261	3458	3733
zatvorené	20359	7931	8397
zaujal	25944	6220	6612
zaujala	20143	8009	8477
zaujali	17171	9346	9844
zaujať	19898	8112	8581
zaujíma	47517	3273	3540
zaujímajú	19288	8378	8854
zaujímalo	21000	7687	8151
zaujímavá	29137	5565	5924
zaujímavé	119393	1169	1311
zaujímavý	46984	3316	3585
zaujímavých	24413	6607	7023
zaujímať	24820	6511	6920
zavedenie	37816	4190	4493
zaviedli	16105	9935	10446
zaviedol	19036	8470	8946
zaviesť	28883	5613	5976
zavolal	36739	4350	4655
zavolala	16280	9823	10330
zavolať	20633	7831	8295
zavše	19468	8304	8779
zaznamenal	50461	3056	3312
zaznamenala	28425	5696	6061
zaznamenali	62805	2383	2600
zazrel	16931	9477	9976
začal	346132	314	360
začala	231499	520	593
začali	317449	362	412
začalo	114507	1228	1377
začať	126098	1099	1237
začiatkom	165534	819	928
začiatku	335701	336	384
začiatky	16560	9659	10159
začiatok	102616	1401	1558
začne	142968	961	1086
začneme	16271	9828	10335
začnú	57894	2640	2870
začul	18951	8507	8983
začína	162068	833	946
začínajú	53410	2883	3132
začínal	27259	5918	6294
zašiel	16336	9786	10292
zažil	32306	4976	5310
zažili	26160	6171	6559
zažiť	16864	9510	10009
zbadal	37824	4189	4492
zbadala	18692	8615	9095
zbaviť	40583	3881	4171
zber	21406	7542	7998
zbierka	22455	7176	7614
zbierke	17097	9385	9883
zbierku	25094	6423	6826
zbierky	41896	3754	4038
zbierok	17820	9045	9535
zblízka	22458	7174	7612
zbor	38928	4066	4363
zborov	16001	9994	10506
zboru	82209	1781	1964
zbrane	59399	2563	2790
zbraní	47260	3293	3561
zbraň	37395	4248	4551
zbytočne	50725	3038	3292
zbytočné	35522	4499	4810
zdalo	111520	1268	1417
zdanlivo	26488	6093	6476
zdarma	26247	6146	6533
zdať	21286	7585	8043
zdeno	16198	9881	10390
zdieľať	45265	3457	3732
zdolal	29703	5457	5807
zdolali	38701	4093	4391
zdravia	64639	2309	2524
zdravie	93633	1545	1712
zdravotne	24993	6466	6871
zdravotnej	63913	2341	2556
zdravotná	24540	6581	6994
zdravotné	59961	2534	2759
zdravotného	28349	5716	6084
zdravotníckych	37270	4263	4568
zdravotníctva	117835	1184	1328
zdravotníctve	19714	8188	8658
zdravotníctvo	21470	7516	7970
zdravotnú	20637	7829	8293
zdravotný	30009	5393	5740
zdravotných	34115	4715	5037
zdravotným	20117	8019	8487
zdravé	27027	5975	6352
zdraví	37024	4301	4606
zdravý	35610	4486	4797
zdroj	121659	1147	1287
zdroja	21328	7572	8030
zdroje	87290	1685	1864
zdrojom	42064	3738	4022
zdrojov	129687	1069	1204
združenia	82650	1769	1952
združenie	68771	2169	2374
združení	19059	8461	8937
zdvihla	32552	4930	5263
zdvihol	60013	2531	2756
zdá	166790	812	920
zdôraznil	90923	1606	1780
zdôraznila	18190	8877	9363
zdôrazniť	17287	9289	9785
zdôrazňuje	32562	4926	5259
ze	42024	3742	4026
zelenej	19650	8220	8692
zeleniny	21681	7448	7898
zelená	21443	7528	7983
zelené	25615	6305	6702
zelenú	17942	8986	9476
zelený	21462	7519	7973
zelených	20874	7736	8200
zem	137819	1008	1138
zeman	20318	7950	8416
zeme	93362	1552	1719
zemi	117047	1196	1341
zemiaky	29474	5501	5851
zemou	21914	7362	7807
zhlboka	18243	8854	9340
zhodli	23872	6770	7193
zhodnotil	22496	7163	7600
zhora	17290	9287	9782
zhromaždenia	27967	5783	6154
zhromaždenie	29477	5499	5849
zhromaždení	22179	7277	7718
zhruba	108530	1319	1470
zima	43103	3625	3904
zime	49575	3136	3394
zimnej	24653	6547	6958
zimnom	16291	9817	10324
zimné	20056	8044	8512
zimných	22102	7296	7739
zimu	23284	6930	7360
zimy	27097	5956	6333
zisk	98796	1462	1625
ziskom	31602	5111	5451
zisku	57013	2682	2914
zisky	23373	6905	7334
zistenia	17053	9409	9907
zistenie	16588	9636	10136
zistení	17959	8973	9463
zistil	62212	2415	2634
zistila	34927	4595	4910
zistili	71982	2064	2264
zistiť	68077	2193	2399
zistí	19483	8297	8771
zišli	23383	6901	7329
zišlo	25046	6441	6844
zjavil	22069	7306	7749
zjavne	37702	4202	4505
zla	20680	7806	8271
zlata	37372	4252	4556
zlatej	17132	9363	9861
zlato	60508	2498	2721
zlatá	22613	7131	7567
zlaté	61151	2468	2690
zlatú	22843	7068	7503
zlatý	35098	4566	4878
zlatých	38861	4075	4372
zle	107307	1338	1490
zlepšenie	51590	2983	3237
zlepšiť	40045	3930	4224
zlo	29250	5542	5899
zlodej	18403	8775	9259
zlom	35087	4570	4882
zločin	23954	6752	7175
zločinu	23709	6820	7244
zloženie	25829	6253	6649
zložení	29695	5458	5808
zložiek	22859	7058	7493
zložil	23119	6986	7418
zložité	22254	7255	7694
zložky	32743	4902	5232
zlá	28282	5721	6090
zlé	104190	1367	1522
zlého	18260	8847	9333
zlú	16054	9966	10478
zlý	51140	3006	3260
zlých	19378	8336	8811
zmena	98807	1461	1624
zmenami	20964	7700	8164
zmene	101627	1414	1571
zmenil	61789	2436	2657
zmenila	46106	3380	3652
zmenili	37203	4274	4579
zmenilo	35130	4559	4870
zmeniť	110676	1284	1433
zmenou	31942	5046	5383
zmenu	122929	1136	1276
zmeny	224925	542	620
zmenách	20488	7882	8347
zmenám	25369	6357	6757
zmení	42329	3708	3990
zmes	21671	7455	7906
zmien	62972	2375	2591
zmizla	16905	9488	9987
zmizli	17404	9227	9720
zmizol	26128	6176	6566
zmluva	60791	2483	2705
zmluve	40379	3895	4186
zmluvu	111261	1274	1423
zmluvy	177695	745	844
zmlúv	35133	4556	4867
zmysel	120189	1161	1303
zmysle	153988	886	1000
zmyslom	17585	9146	9636
zmyslu	16852	9519	10018
znak	36621	4365	4670
znakom	21286	7586	8044
znakov	17044	9415	9913
znaky	27364	5895	6268
znalosti	21653	7461	7912
znalosť	20667	7813	8277
znamenalo	51324	2995	3249
znamenať	42625	3677	3957
znamenie	22254	7256	7695
znamená	307237	372	423
znamení	23888	6763	7186
značiek	17947	8983	9473
značka	22940	7032	7467
značku	19365	8340	8815
značky	64362	2320	2535
značne	37590	4218	4521
znení	38317	4138	4438
znie	59365	2565	2792
zničiť	19479	8299	8773
znižovanie	20894	7726	8190
znižovať	16461	9709	10211
znižuje	30413	5329	5672
znova	204645	608	693
znovu	198567	634	727
známa	52902	2909	3159
známe	131533	1054	1188
známeho	31755	5085	5422
známej	21883	7373	7818
známi	25219	6389	6791
známky	25592	6309	6706
známy	108185	1325	1476
známych	56169	2735	2969
známym	31082	5218	5559
zníženie	74034	1995	2191
zníži	21790	7407	7854
znížil	39255	4020	4317
znížila	27880	5807	6178
znížili	30946	5237	5578
znížiť	66930	2229	2439
zo	2247103	50	60
zobral	42741	3662	3942
zobrali	24988	6468	6873
zobrať	30289	5343	5688
zodpovedne	20625	7838	8302
zodpovednosti	54277	2844	3091
zodpovednosť	96427	1503	1667
zodpovedný	34702	4627	4944
zodpovedá	35417	4513	4824
zoh	22892	7043	7478
zohnať	16990	9449	9947
zomrel	102615	1402	1559
zomrela	30206	5359	5705
zomreli	16259	9839	10346
zomrelo	18430	8756	9239
zomrieť	17127	9365	9863
zoo	17591	9144	9634
zopakoval	30183	5363	5709
zopakovať	17019	9432	9930
zopár	80473	1822	2006
zostal	71895	2065	2265
zostala	50068	3094	3352
zostali	69877	2136	2339
zostalo	37252	4268	4573
zostane	58816	2587	2815
zostanú	23169	6974	7405
zostava	28542	5672	6037
zostave	37156	4281	4586
zostavy	28747	5630	5994
zostať	61215	2464	2686
zostáva	99208	1454	1617
zostávajú	29685	5460	5810
zoznam	71849	2066	2266
zozname	28454	5691	6056
zoznamu	27934	5794	6165
zrak	42624	3678	3958
zranenia	59161	2572	2800
zranenie	45500	3436	3710
zranení	31796	5074	5411
zranený	17621	9129	9619
zranených	26072	6191	6582
zranil	22225	7263	7704
zrazu	159028	852	966
zrejme	295316	392	444
zrejmé	39516	3990	4286
zreteľne	16858	9514	10013
zriadenie	21883	7374	7819
zrkadlo	17104	9377	9876
zručnosti	24913	6487	6893
zrušenie	42535	3686	3966
zrušil	23695	6824	7248
zrušili	20006	8072	8540
zrušiť	36353	4399	4707
zssr	29079	5575	5937
zuby	50688	3040	3294
zuzana	107610	1331	1482
zuš	17054	9408	9906
zvedavý	17171	9347	9845
zverejnené	20709	7798	8262
zverejnil	25098	6422	6825
zverejnila	18259	8848	9334
zverejniť	16284	9821	10328
zverenci	34211	4708	5029
zviera	29932	5404	5752
zvierat	52902	2910	3160
zvieratá	44391	3520	3797
zvládli	29235	5545	5902
zvládnuť	32553	4929	5262
zvládol	19303	8368	8844
zvláštne	56506	2713	2945
zvláštny	25219	6390	6792
zvlášť	65426	2279	2492
zvolal	38998	4055	4352
zvolala	18581	8678	9159
zvolen	112080	1262	1411
zvolena	23892	6762	7185
zvolene	35937	4446	4755
zvolený	20093	8030	8498
zvolil	16673	9595	10094
zvolili	31974	5036	5373
zvoliť	19229	8407	8883
zvuk	47911	3243	3508
zvuky	21359	7561	8018
zvykli	19946	8096	8564
zvyknutí	16932	9475	9974
zvykom	19834	8141	8611
zvyky	16059	9963	10475
zvyčajne	91539	1590	1760
zvyšky	22912	7039	7475
zvyšných	17918	8996	9486
zvyšok	59916	2535	2760
zvyšovanie	31801	5073	5410
zvyšovať	25907	6226	6619
zvyšuje	51294	2997	3251
zvyšujú	16484	9696	10197
zväz	45986	3389	3662
zväzu	102719	1399	1556
zväčša	66073	2257	2470
zvíťazil	41473	3796	4083
zvíťazila	22912	7040	7474
zvíťazili	44353	3524	3801
zvíťaziť	18945	8512	8988
zvýšenia	17271	9297	9794
zvýšenie	105496	1354	1508
zvýšeniu	16006	9991	10503
zvýšené	17075	9393	9891
zvýšený	19541	8273	8746
zvýši	36616	4366	4671
zvýšil	71365	2081	2281
zvýšila	38145	4152	4454
zvýšili	40531	3888	4178
zvýšiť	83476	1755	1937
zábava	26313	6134	6519
zábavu	25546	6315	6713
zábavy	25031	6447	6850
zábery	21497	7510	7963
záchranného	16392	9747	10253
záchranu	41591	3780	4067
záchranári	19440	8316	8791
záhrada	19278	8383	8859
záhrade	45889	3403	3677
záhrady	38697	4094	4392
zájsť	16051	9969	10481
zákaz	59866	2539	2764
zákazníci	27076	5964	6341
zákazník	23373	6906	7333
zákazníka	19700	8196	8667
zákazníkom	23624	6837	7261
zákazníkov	58280	2619	2848
zákazu	18511	8715	9198
základ	57836	2646	2877
základe	355695	306	351
základne	20544	7865	8330
základnej	152907	895	1011
základnou	18124	8906	9394
základná	42112	3732	4015
základné	116922	1197	1343
základného	28221	5735	6105
základnú	32876	4880	5210
základný	37193	4276	4581
základných	124920	1113	1252
základným	31144	5207	5547
základom	44755	3492	3769
základu	25959	6216	6608
základy	33154	4838	5168
zákon	266801	442	505
zákona	366891	294	336
zákone	33612	4780	5104
zákonníka	24189	6683	7102
zákonom	76155	1929	2120
zákonov	64032	2337	2552
zákony	55551	2770	3006
zákrok	17321	9272	9766
záležať	16638	9606	10105
záležitosti	43911	3563	3840
záležitosť	44821	3485	3762
záležitosťou	19896	8115	8584
záleží	57817	2648	2879
zámer	52885	2912	3162
zámerne	18869	8543	9019
zámerom	34511	4655	4973
zámeru	20116	8020	8488
zámery	18405	8774	9258
zámkoch	20974	7696	8160
zámkov	17303	9280	9775
zámku	30431	5325	5668
zámky	88496	1653	1830
zámok	17845	9031	9522
zámorskej	16587	9638	10138
západ	53379	2887	3136
západe	30205	5360	5706
západnej	48658	3194	3455
západnom	17910	9001	9491
západné	16074	9953	10465
západného	16357	9770	10276
západných	26108	6182	6572
západu	30025	5387	5734
zápal	16848	9521	10020
zápas	416252	256	291
zápase	267137	441	504
zápasoch	77802	1882	2071
zápasom	39992	3939	4233
zápasov	107497	1334	1485
zápasu	208278	598	680
zápasy	154608	881	995
zápis	24961	6474	6880
zároveň	514455	204	234
zásad	17941	8987	9477
zásade	20883	7733	8197
zásadne	28470	5687	6052
zásadné	20783	7771	8235
zásady	32434	4949	5282
zásah	45077	3474	3749
zásahu	29371	5522	5874
zásahy	18586	8677	9157
zásluhou	38844	4077	4374
zásluhy	16440	9724	10227
zásob	20355	7933	8399
zásoby	33446	4802	5128
zástupca	67000	2225	2434
zástupcami	21220	7614	8073
zástupcom	17282	9292	9788
zástupcov	51379	2993	3247
zástupcovia	69754	2140	2345
zástupcu	29070	5577	5939
záujem	316056	364	414
záujemcov	34585	4642	4960
záujemcovia	32069	5024	5360
záujme	61465	2450	2672
záujmom	35716	4478	4788
záujmov	40034	3931	4225
záujmu	62210	2416	2635
záujmy	55551	2771	3007
závažné	18130	8903	9391
záver	132555	1049	1183
závere	129328	1072	1207
záverečnej	33204	4829	5157
záverečnom	22673	7115	7551
záverečné	16982	9453	9951
záverečný	16322	9797	10303
záveru	32590	4923	5256
závery	21594	7481	7933
závisieť	16367	9762	10268
závislosti	47252	3295	3564
závislosť	20196	7987	8455
závisí	66430	2246	2457
závod	26719	6040	6422
závodu	22801	7079	7514
záväzkov	22228	7259	7700
záväzky	33883	4742	5065
záväzok	20185	7990	8458
zázemie	17629	9125	9615
záznam	27966	5784	6155
záznamy	20361	7930	8396
zázrak	31158	5204	5544
záťaž	16494	9690	10191
zážitky	25947	6218	6610
zážitok	43413	3601	3878
získa	49453	3145	3403
získajú	23750	6808	7231
získal	189535	682	779
získala	119004	1173	1316
získali	133678	1037	1171
získalo	28768	5628	5992
získanie	35726	4476	4786
získané	24572	6572	6986
získaných	17007	9438	9936
získate	16505	9682	10183
získava	25730	6276	6672
získať	205566	604	689
zóne	21188	7621	8081
zóny	31767	5081	5418
zúfalo	19188	8423	8899
zúčastnil	36742	4348	4653
zúčastnili	53301	2889	3138
zúčastnilo	36947	4314	4619
zúčastniť	36782	4334	4639
zďaleka	39293	4015	4312
zľava	34431	4676	4994
zľavy	19347	8349	8824
zš	125358	1106	1244
á	17651	9113	9603
áno	379806	283	325
áut	79866	1831	2015
ázie	18628	8647	9126
ázii	18476	8737	9218
éry	16071	9957	10468
írska	16010	9986	10498
írsko	21314	7576	8034
írsku	16390	9749	10255
ísť	279009	423	479
ó	23550	6858	7284
ôsmej	19824	8147	8617
ôsmich	42879	3654	3934
úctou	35233	4540	4851
úctu	23071	6997	7430
úcty	17437	9214	9707
údaje	113139	1244	1393
údajne	108597	1316	1467
údajov	101467	1418	1575
úder	23193	6963	7393
údržbu	22109	7294	7737
úkor	29466	5502	5852
úloh	61214	2465	2687
úloha	51174	3005	3259
úlohe	37382	4251	4555
úlohou	68089	2192	2398
úlohu	162380	832	945
úlohy	105157	1358	1512
úmrtia	33477	4798	5124
úmrtí	23028	7013	7446
úmysle	21069	7661	8123
únia	65982	2261	2474
únie	213679	583	663
únii	46238	3368	3639
únik	17237	9321	9819
úniku	21529	7499	7952
úplne	372087	286	328
úplné	20174	7995	8463
úprava	32673	4914	5246
úprave	18378	8784	9268
úpravu	27242	5922	6298
úpravy	45939	3394	3668
úprimne	44078	3549	3826
úrad	221216	556	635
úrade	63424	2361	2576
úradníci	19759	8172	8642
úradníkov	20462	7892	8357
úradom	33631	4777	5101
úradov	41501	3791	4078
úradu	268044	439	502
úrady	84880	1722	1904
úrokové	17651	9114	9604
úrokových	16174	9900	10409
úroky	20655	7817	8281
úroveň	154401	884	998
úrovne	57310	2666	2898
úrovni	232994	514	586
úrovňou	20053	8047	8515
úsek	35265	4536	4847
úseku	57655	2657	2888
úsilia	19811	8152	8622
úsilie	51983	2963	3215
úsmev	64314	2325	2540
úsmevom	65339	2281	2494
úspech	142748	964	1089
úspechom	28796	5620	5983
úspechov	20478	7885	8350
úspechu	55976	2748	2983
úspechy	42521	3689	3969
úspešne	75743	1940	2132
úspešnej	16847	9522	10021
úspešnosť	19256	8394	8870
úspešná	22423	7188	7626
úspešné	35099	4565	4877
úspešného	19674	8208	8679
úspešní	19646	8225	8697
úspešný	49733	3125	3383
úspešných	21439	7530	7985
úspory	21692	7443	7892
úst	57537	2658	2890
ústa	59052	2575	2803
ústach	18035	8949	9438
ústami	18081	8923	9412
ústav	64970	2293	2507
ústave	34031	4725	5047
ústavného	32416	4955	5288
ústavný	37398	4247	4550
ústavu	96211	1506	1671
ústavy	49180	3156	3415
ústrety	29266	5538	5895
útek	19255	8395	8871
úteku	18877	8535	9012
útok	72680	2040	2238
útokom	21420	7535	7990
útokov	28478	5685	6050
útoku	97022	1493	1657
útoky	41271	3809	4096
útočníci	20659	7816	8280
útočník	84659	1726	1908
útočníka	25862	6245	6639
úv	22520	7157	7594
úvahy	88702	1648	1824
úver	56850	2691	2923
úverov	42662	3672	3952
úveru	40525	3889	4179
úvery	36353	4400	4706
úvod	59398	2564	2791
úvode	60219	2517	2740
úvodnej	17658	9112	9602
úvodnom	24383	6616	7032
úvodný	17058	9406	9903
úvodných	18322	8819	9304
územia	73579	2013	2210
územie	65399	2280	2493
územného	21738	7428	7876
území	152211	899	1016
úzko	27324	5900	6273
účasti	79506	1841	2026
účastníci	53798	2864	3111
účastník	20204	7983	8451
účastníkom	23235	6950	7380
účastníkov	79757	1835	2020
účasť	153180	893	1009
účasťou	32397	4957	5290
účel	36456	4385	4691
účelom	37733	4199	4502
účely	45582	3426	3700
účet	64408	2316	2531
účinky	33031	4854	5184
účinnosť	27789	5824	6195
účinok	27766	5826	6197
účte	18027	8953	9443
účtu	35750	4473	4783
účty	23999	6732	7155
úžasné	24838	6509	6918
čadca	77394	1891	2081
čadci	32018	5032	5368
čaj	36741	4349	4654
čakajú	72088	2059	2259
čakal	73865	2002	2199
čakala	41629	3778	4065
čakali	55808	2761	2996
čakalo	21951	7342	7786
čakať	79505	1842	2027
čaká	196190	648	742
čaro	16636	9607	10106
čas	629521	159	185
čase	540571	198	226
časoch	56203	2730	2963
časom	100913	1431	1591
časopis	44907	3480	3757
časopise	21763	7417	7863
časopisov	18112	8912	9398
časopisu	44477	3515	3792
časový	17862	9024	9513
častejšie	62649	2392	2609
časti	469024	228	259
častiach	33834	4749	5072
často	462373	233	264
časté	18481	8733	9216
častí	50749	3036	3290
času	297706	389	441
časy	61322	2460	2682
časť	441744	242	274
časťou	35362	4525	4836
čech	21796	7405	7852
čechov	22725	7102	7537
čechách	31272	5174	5514
čela	17845	9032	9520
čele	113464	1240	1389
čeliť	26295	6136	6521
čelo	39302	4013	4310
čelí	22437	7183	7620
černák	17641	9121	9610
čerpanie	20341	7939	8405
čerpať	16342	9782	10288
čerstvo	16530	9672	10173
červenej	24084	6708	7128
červená	29713	5454	5804
červené	40772	3856	4146
červeného	22349	7222	7661
červenú	24572	6573	6983
červený	31472	5136	5476
červených	19286	8379	8855
česi	34338	4690	5010
česka	33708	4769	5093
českej	136137	1022	1153
česko	60429	2500	2723
českom	29723	5452	5801
československa	31412	5147	5487
československej	28179	5741	6111
československu	21548	7493	7946
česku	64869	2300	2514
česká	69388	2154	2359
české	44570	3507	3784
českého	59687	2546	2772
českí	18534	8706	9188
českú	17002	9441	9938
český	83789	1748	1930
českých	67528	2211	2420
českým	16869	9508	10007
čestné	16009	9989	10499
česť	32233	4992	5325
či	2498186	45	55
čiary	17378	9240	9733
čias	88771	1646	1822
čiastočne	70228	2120	2323
čiech	22214	7267	7708
čierna	41367	3806	4093
čierne	69897	2134	2337
čierneho	31973	5037	5374
čiernej	36957	4312	4617
čiernom	22575	7142	7577
čiernu	19823	8149	8618
čierny	53665	2872	3120
čiernych	24584	6566	6978
čin	50586	3045	3300
činnosti	259746	458	522
činností	36183	4419	4727
činnosť	199037	633	726
činnosťou	27685	5841	6213
činov	25358	6360	6760
činu	55130	2800	3041
činy	26754	6036	6418
čisto	35442	4510	4821
čistá	19268	8388	8864
čisté	39785	3965	4258
čistý	39210	4027	4323
čitatelia	26807	6028	6410
čitateľ	27928	5798	6169
čitateľa	25652	6297	6694
čitateľom	20604	7848	8312
čitateľov	42514	3691	3971
čiže	124899	1114	1253
čk	35364	4524	4835
člen	86449	1701	1881
člena	39628	3981	4277
členmi	47448	3282	3550
členom	94545	1532	1699
členov	181335	726	824
členovia	128608	1079	1215
členské	26326	6130	6515
členských	52696	2927	3177
členstvo	25030	6449	6852
človek	530797	200	229
človeka	327669	348	398
človekom	45885	3404	3678
človeku	73576	2014	2211
článkov	25012	6461	6865
článku	64241	2330	2545
články	34930	4594	4909
článok	73635	2009	2206
čo	4792047	22	32
čoho	103853	1380	1536
čokoľvek	44791	3488	3765
čom	145846	936	1058
čomu	59639	2552	2778
čoraz	159248	849	963
čosi	210065	593	675
čoskoro	96708	1496	1660
čože	21460	7521	7975
čr	117701	1188	1332
črty	19073	8458	8933
čsob	19098	8452	8928
čsr	19634	8231	8703
čssr	23269	6936	7366
čt	17378	9241	9734
čtk	52661	2930	3180
čudné	26182	6161	6548
čím	324349	351	401
čína	52396	2939	3190
číne	42335	3707	3989
čínskej	18844	8555	9030
čínsky	18180	8883	9366
číny	38936	4064	4361
čísel	16950	9469	9967
čísla	84039	1742	1924
čísle	40551	3885	4175
číslo	177390	747	847
číslom	26585	6065	6447
číta	19985	8082	8550
čítal	32964	4867	5197
čítania	23081	6993	7426
čítanie	39498	3993	4289
čítaní	20040	8053	8521
čítať	54500	2832	3077
ďakujem	84180	1737	1919
ďakujeme	49735	3123	3381
ďalej	507465	206	236
ďaleko	110289	1294	1443
ďalšej	71219	2087	2287
ďalšia	81578	1796	1980
ďalšie	516365	203	232
ďalšieho	78453	1866	2054
ďalšiemu	19231	8406	8882
ďalšiu	92728	1564	1733
ďalšom	68617	2174	2379
ďalšou	45115	3468	3743
ďalší	342543	322	369
ďalších	392336	270	311
ďalším	107536	1332	1483
ďalšími	74465	1981	2176
ďurica	16364	9765	10270
ďuriš	23270	6935	7365
ľad	26860	6018	6398
ľade	66680	2238	2449
ľadu	16933	9474	9972
ľahko	118487	1178	1321
ľahké	55130	2801	3042
ľahšie	50022	3097	3355
ľavej	34932	4593	4908
ľubica	19086	8456	8931
ľubomír	85315	1712	1894
ľubomíra	19225	8408	8884
ľubovňa	23171	6970	7399
ľuboš	34363	4684	5004
ľud	34079	4721	5043
ľudia	796493	119	139
ľudovej	40902	3843	4133
ľudová	21498	7508	7961
ľudové	20922	7712	8176
ľudovít	38022	4166	4468
ľudovíta	20643	7823	8287
ľudových	22607	7133	7569
ľudskej	57854	2644	2875
ľudská	23351	6911	7339
ľudské	87424	1682	1860
ľudského	48876	3179	3439
ľudskú	20815	7758	8222
ľudský	34049	4723	5045
ľudských	87177	1689	1869
ľudstva	26542	6076	6458
ľudstvo	23350	6912	7340
ľudu	49761	3121	3379
ľudí	1142364	89	104
ľuďmi	113067	1248	1397
ľuďoch	28962	5595	5957
ľuďom	165763	817	925
ľúto	39936	3947	4241
ňom	459042	235	266
ňou	254052	472	538
ňu	263209	449	512
šalát	17541	9163	9654
šampionát	36762	4342	4647
šampionáte	42767	3660	3940
šampionátu	30992	5231	5572
šanca	44495	3514	3791
šance	110257	1295	1444
šancu	182820	718	816
šancí	60544	2494	2717
šariš	17327	9267	9761
šatan	16475	9701	10201
šaty	54897	2812	3055
šatách	16564	9658	10158
šaľa	52261	2949	3201
šestnástky	25493	6326	6725
šestnásť	19449	8310	8785
šesť	197944	640	733
šesťdesiat	16264	9835	10342
šesťdesiatych	16371	9758	10264
šetriť	18625	8653	9133
šiat	16629	9614	10113
šiel	67628	2206	2414
šiestej	21216	7615	8074
šiestich	73915	1998	2195
šiestimi	18059	8937	9425
šiesty	21128	7642	8103
šimko	24240	6659	7076
šimon	23170	6973	7404
širokej	22803	7078	7513
široká	17566	9155	9645
široké	28983	5592	5954
širokú	21562	7491	7943
široký	28786	5622	5985
šk	61903	2429	2650
škandál	17948	8979	9469
škoda	128787	1075	1211
škodu	54887	2813	3056
škody	70678	2105	2305
škola	140640	983	1110
škole	181323	727	825
školou	23876	6767	7190
školskej	27173	5938	6315
školskom	28042	5768	6138
školské	25893	6231	6624
školského	41444	3799	4086
školský	29625	5472	5822
školských	39939	3946	4240
školstva	111669	1265	1414
školstvo	21658	7460	7911
školu	88693	1649	1825
školy	420406	252	287
školách	81223	1805	1989
škp	53665	2873	3121
škôl	188271	694	791
škôlky	17272	9296	9793
šla	27939	5791	6162
šli	35691	4480	4791
šlo	33222	4827	5154
šofér	16625	9618	10117
šok	19459	8309	8784
šou	31948	5043	5380
španielska	34322	4692	5013
španielskej	17562	9157	9647
španielsko	42389	3704	3985
španielsku	31813	5072	5409
španielsky	22388	7201	7639
špecifické	21006	7684	8148
špeciálne	67575	2209	2417
špeciálnej	20677	7808	8272
špeciálny	25628	6300	6697
špeciálnych	22075	7303	7746
šport	139608	991	1120
športe	20873	7737	8201
športovci	18489	8727	9210
športovcov	32838	4886	5216
športovej	41489	3794	4081
športová	16352	9775	10281
športové	56690	2703	2935
športového	25343	6366	6765
športový	36312	4406	4713
športových	39237	4022	4319
športu	74313	1984	2179
štadión	38222	4146	4448
štadióna	27198	5932	6309
štadióne	50442	3057	3313
štandard	16712	9577	10076
štart	66810	2235	2445
štarte	20524	7873	8338
štartom	20711	7797	8260
štartovať	18312	8827	9312
štatistiky	31243	5185	5525
štatistík	16315	9802	10307
štb	24780	6522	6931
štefan	143741	954	1078
štefana	40343	3900	4191
štefánika	22304	7236	7675
štiavnica	22513	7160	7597
štk	29850	5423	5773
štrajk	19753	8175	8645
štrba	17674	9103	9593
štrnásť	22589	7139	7575
štruktúr	20680	7807	8270
štruktúra	28581	5661	6026
štruktúre	18420	8762	9245
štruktúru	26210	6153	6540
štruktúry	45912	3399	3673
študent	34573	4646	4964
študenti	92932	1559	1726
študentom	26523	6083	6466
študentov	127260	1087	1225
študoval	27168	5941	6318
študovať	33109	4847	5177
štvorcových	25179	6399	6802
štvrtej	32869	4881	5211
štvrtiny	23960	6749	7171
štvrtok	210961	588	669
štvrtom	29961	5399	5747
štvrtá	17437	9215	9706
štvrté	24289	6642	7058
štvrtého	18577	8680	9161
štvrtý	55179	2792	3032
štvrť	22752	7094	7529
štvrťfinále	57704	2654	2885
štvrťroku	33223	4826	5153
štyri	330476	345	395
štyria	50296	3072	3329
štyridsať	31770	5080	5417
štyrikrát	17104	9378	9875
štyrmi	47483	3275	3542
štyroch	168854	802	909
štábu	17538	9164	9655
štádiu	29978	5397	5744
štát	229823	529	602
štáte	52940	2906	3156
štátmi	24863	6502	6909
štátna	50641	3044	3299
štátne	61679	2440	2661
štátneho	111309	1273	1422
štátnej	141963	971	1097
štátnom	23049	7007	7440
štátnu	29054	5580	5942
štátny	76544	1916	2107
štátnych	85779	1709	1891
štátnym	20178	7994	8462
štátoch	66015	2259	2472
štátom	46972	3317	3586
štátov	139341	994	1123
štátu	288982	402	455
štáty	104560	1362	1516
štúdia	108855	1313	1464
štúdie	52510	2933	3183
štúdio	22760	7090	7525
štúdiu	54144	2848	3095
štúdium	81926	1788	1972
štúdií	31546	5124	5464
štúra	18247	8853	9339
štýl	56143	2736	2970
štýle	29425	5509	5860
štýlom	17391	9234	9727
štýlu	27460	5877	6250
šurany	17050	9411	9909
švajčiarska	20586	7853	8317
švajčiarsko	27927	5799	6170
švajčiarsku	23178	6967	7398
švéd	21696	7442	7890
švédska	18143	8900	9388
švédsko	32287	4979	5313
švédsku	18877	8536	9011
šéf	179161	735	834
šéfa	73870	2000	2196
šéfka	19944	8098	8566
šéfom	25827	6254	6650
šírenie	21929	7354	7798
šíri	16287	9819	10326
šíriť	17093	9388	9886
šťastia	57853	2645	2876
šťastie	122997	1133	1273
šťastná	29142	5563	5922
šťastné	16205	9877	10386
šťastní	16425	9735	10238
šťastný	57239	2673	2905
ťa	316307	363	413
ťah	16135	9918	10428
ťahá	17535	9165	9656
ťažkej	24064	6714	7136
ťažko	217383	572	651
ťažkosti	38588	4111	4409
ťažká	25214	6393	6795
ťažké	148171	917	1039
ťažkú	18177	8884	9370
ťažký	43578	3588	3865
ťažkých	28697	5640	6004
ťažšie	40180	3919	4213
ž	20438	7900	8365
žalobu	16376	9753	10259
žalúdok	17939	8988	9478
že	13066480	6	9
žeby	22268	7246	7685
želanie	20713	7793	8257
železnice	20056	8045	8513
železničnej	34596	4641	4959
žena	249648	483	550
ženami	26094	6187	6577
žene	41103	3822	4111
ženou	40666	3870	4160
ženskej	19763	8167	8637
ženské	23962	6745	7168
ženský	18902	8522	8998
ženu	92117	1580	1749
ženy	345270	317	363
ženám	30154	5367	5713
žiaci	148345	915	1037
žiada	67477	2212	2421
žiadajú	30156	5366	5712
žiadal	30088	5377	5723
žiadali	25124	6416	6819
žiadať	33356	4811	5138
žiaden	46122	3379	3651
žiadna	66915	2232	2442
žiadne	193040	665	761
žiadnej	20056	8046	8514
žiadnom	38543	4117	4416
žiadnu	64992	2291	2505
žiadny	86138	1705	1887
žiadosti	64333	2322	2537
žiadostí	30186	5361	5707
žiadosť	77298	1893	2084
žiak	30684	5280	5623
žiaka	20610	7844	8308
žiakom	24772	6524	6934
žiakov	168732	803	910
žiar	46090	3383	3655
žiari	19292	8375	8851
žiačky	18560	8689	9171
žiaľ	101914	1413	1570
židia	22177	7279	7720
židov	36681	4362	4667
židovskej	16903	9491	9990
žien	194049	655	749
žije	148363	913	1035
žijem	18220	8864	9350
žijeme	32856	4883	5213
žijú	77083	1902	2093
žijúcich	22808	7076	7511
žil	54479	2833	3078
žila	29464	5503	5853
žili	47710	3258	3525
žilina	218704	565	644
žiline	94514	1533	1700
žilinskej	17208	9328	9826
žilinského	25014	6460	6864
žilinský	23217	6955	7385
žiliny	52731	2922	3172
život	634663	157	183
života	521649	202	231
živote	232268	517	590
životnej	26165	6169	6557
životné	74943	1966	2160
životného	117066	1195	1339
životný	31226	5189	5529
životných	25525	6319	6718
životom	62907	2377	2593
životov	18191	8876	9362
životu	38678	4097	4395
životy	31625	5107	5446
živá	22260	7250	7689
živé	31418	5146	5486
živý	27939	5792	6163
živých	17333	9263	9757
žiť	142465	966	1091
žk	91233	1599	1772
žlté	25678	6290	6687
žreb	16140	9917	10427
žrď	17443	9210	9702
žsk	17582	9149	9639
župan	16891	9498	9997
